-- MariaDB dump 10.19  Distrib 10.11.8-MariaDB, for debian-linux-gnu (aarch64)
--
-- Host: localhost    Database: db
-- ------------------------------------------------------
-- Server version	10.11.8-MariaDB-ubu2204-log

/*!40101 SET @OLD_CHARACTER_SET_CLIENT=@@CHARACTER_SET_CLIENT */;
/*!40101 SET @OLD_CHARACTER_SET_RESULTS=@@CHARACTER_SET_RESULTS */;
/*!40101 SET @OLD_COLLATION_CONNECTION=@@COLLATION_CONNECTION */;
/*!40101 SET NAMES utf8mb4 */;
/*!40103 SET @OLD_TIME_ZONE=@@TIME_ZONE */;
/*!40103 SET TIME_ZONE='+00:00' */;
/*!40014 SET @OLD_UNIQUE_CHECKS=@@UNIQUE_CHECKS, UNIQUE_CHECKS=0 */;
/*!40014 SET @OLD_FOREIGN_KEY_CHECKS=@@FOREIGN_KEY_CHECKS, FOREIGN_KEY_CHECKS=0 */;
/*!40101 SET @OLD_SQL_MODE=@@SQL_MODE, SQL_MODE='NO_AUTO_VALUE_ON_ZERO' */;
/*!40111 SET @OLD_SQL_NOTES=@@SQL_NOTES, SQL_NOTES=0 */;

--
-- Table structure for table `authors`
--

DROP TABLE IF EXISTS `authors`;
/*!40101 SET @saved_cs_client     = @@character_set_client */;
/*!40101 SET character_set_client = utf8 */;
CREATE TABLE `authors` (
  `id` bigint(20) unsigned NOT NULL AUTO_INCREMENT,
  `firstname` varchar(255) NOT NULL,
  `lastname` varchar(255) NOT NULL,
  `created_at` timestamp NULL DEFAULT NULL,
  `updated_at` timestamp NULL DEFAULT NULL,
  PRIMARY KEY (`id`)
) ENGINE=InnoDB AUTO_INCREMENT=501 DEFAULT CHARSET=utf8mb4 COLLATE=utf8mb4_unicode_ci;
/*!40101 SET character_set_client = @saved_cs_client */;

--
-- Dumping data for table `authors`
--

LOCK TABLES `authors` WRITE;
/*!40000 ALTER TABLE `authors` DISABLE KEYS */;
INSERT INTO `authors` VALUES
(1,'Scot','Parisian','2024-12-06 14:40:38','2024-12-06 14:40:38'),
(2,'Alanis','Yost','2024-12-06 14:40:38','2024-12-06 14:40:38'),
(3,'Domenico','Smith','2024-12-06 14:40:38','2024-12-06 14:40:38'),
(4,'Harmon','Renner','2024-12-06 14:40:38','2024-12-06 14:40:38'),
(5,'Rozella','Hayes','2024-12-06 14:40:38','2024-12-06 14:40:38'),
(6,'Lue','Towne','2024-12-06 14:40:38','2024-12-06 14:40:38'),
(7,'Orin','Kuphal','2024-12-06 14:40:38','2024-12-06 14:40:38'),
(8,'Luna','Kohler','2024-12-06 14:40:38','2024-12-06 14:40:38'),
(9,'Wilhelm','Nitzsche','2024-12-06 14:40:38','2024-12-06 14:40:38'),
(10,'Norbert','Kshlerin','2024-12-06 14:40:38','2024-12-06 14:40:38'),
(11,'Jay','Hintz','2024-12-06 14:40:38','2024-12-06 14:40:38'),
(12,'Delilah','Reichert','2024-12-06 14:40:38','2024-12-06 14:40:38'),
(13,'Santos','Gutmann','2024-12-06 14:40:38','2024-12-06 14:40:38'),
(14,'Colten','Gusikowski','2024-12-06 14:40:38','2024-12-06 14:40:38'),
(15,'Macey','Hahn','2024-12-06 14:40:38','2024-12-06 14:40:38'),
(16,'Jamison','Hoppe','2024-12-06 14:40:38','2024-12-06 14:40:38'),
(17,'Julianne','McKenzie','2024-12-06 14:40:38','2024-12-06 14:40:38'),
(18,'Lea','Mohr','2024-12-06 14:40:38','2024-12-06 14:40:38'),
(19,'Eugenia','Becker','2024-12-06 14:40:38','2024-12-06 14:40:38'),
(20,'Helen','Shanahan','2024-12-06 14:40:38','2024-12-06 14:40:38'),
(21,'Lou','Bernhard','2024-12-06 14:40:38','2024-12-06 14:40:38'),
(22,'Hardy','Bergnaum','2024-12-06 14:40:38','2024-12-06 14:40:38'),
(23,'Gertrude','Schumm','2024-12-06 14:40:38','2024-12-06 14:40:38'),
(24,'Isaiah','Champlin','2024-12-06 14:40:38','2024-12-06 14:40:38'),
(25,'Orland','Simonis','2024-12-06 14:40:38','2024-12-06 14:40:38'),
(26,'Hildegard','Kshlerin','2024-12-06 14:40:38','2024-12-06 14:40:38'),
(27,'Daphney','Hessel','2024-12-06 14:40:38','2024-12-06 14:40:38'),
(28,'Keyshawn','Schumm','2024-12-06 14:40:38','2024-12-06 14:40:38'),
(29,'Orland','O\'Hara','2024-12-06 14:40:38','2024-12-06 14:40:38'),
(30,'Justice','Pacocha','2024-12-06 14:40:38','2024-12-06 14:40:38'),
(31,'Gilda','Gusikowski','2024-12-06 14:40:38','2024-12-06 14:40:38'),
(32,'Lindsay','Schultz','2024-12-06 14:40:38','2024-12-06 14:40:38'),
(33,'Urban','Lockman','2024-12-06 14:40:38','2024-12-06 14:40:38'),
(34,'Cora','Mayert','2024-12-06 14:40:38','2024-12-06 14:40:38'),
(35,'Breanna','Schaden','2024-12-06 14:40:38','2024-12-06 14:40:38'),
(36,'Joe','Crooks','2024-12-06 14:40:38','2024-12-06 14:40:38'),
(37,'Shayna','Hill','2024-12-06 14:40:38','2024-12-06 14:40:38'),
(38,'Santos','Rowe','2024-12-06 14:40:38','2024-12-06 14:40:38'),
(39,'Dalton','Predovic','2024-12-06 14:40:38','2024-12-06 14:40:38'),
(40,'Melody','Hammes','2024-12-06 14:40:38','2024-12-06 14:40:38'),
(41,'Hillary','Davis','2024-12-06 14:40:38','2024-12-06 14:40:38'),
(42,'Tiara','Skiles','2024-12-06 14:40:38','2024-12-06 14:40:38'),
(43,'Harmony','Gulgowski','2024-12-06 14:40:38','2024-12-06 14:40:38'),
(44,'Leonor','Adams','2024-12-06 14:40:38','2024-12-06 14:40:38'),
(45,'Verna','Stokes','2024-12-06 14:40:38','2024-12-06 14:40:38'),
(46,'Maximo','Halvorson','2024-12-06 14:40:38','2024-12-06 14:40:38'),
(47,'Johanna','Gleichner','2024-12-06 14:40:38','2024-12-06 14:40:38'),
(48,'Norberto','Dooley','2024-12-06 14:40:38','2024-12-06 14:40:38'),
(49,'Sabryna','Schoen','2024-12-06 14:40:38','2024-12-06 14:40:38'),
(50,'Emmanuelle','Pfeffer','2024-12-06 14:40:38','2024-12-06 14:40:38'),
(51,'Otho','Hintz','2024-12-06 14:40:38','2024-12-06 14:40:38'),
(52,'Chasity','Paucek','2024-12-06 14:40:38','2024-12-06 14:40:38'),
(53,'Jennyfer','Anderson','2024-12-06 14:40:38','2024-12-06 14:40:38'),
(54,'Jedidiah','Simonis','2024-12-06 14:40:38','2024-12-06 14:40:38'),
(55,'Cassandre','Grimes','2024-12-06 14:40:38','2024-12-06 14:40:38'),
(56,'Jermain','Ebert','2024-12-06 14:40:38','2024-12-06 14:40:38'),
(57,'Marlin','Nikolaus','2024-12-06 14:40:38','2024-12-06 14:40:38'),
(58,'Concepcion','Reinger','2024-12-06 14:40:38','2024-12-06 14:40:38'),
(59,'Bill','Carter','2024-12-06 14:40:38','2024-12-06 14:40:38'),
(60,'Sarina','Lueilwitz','2024-12-06 14:40:38','2024-12-06 14:40:38'),
(61,'Brown','Kunze','2024-12-06 14:40:38','2024-12-06 14:40:38'),
(62,'Jarod','Waters','2024-12-06 14:40:38','2024-12-06 14:40:38'),
(63,'Garland','Jaskolski','2024-12-06 14:40:38','2024-12-06 14:40:38'),
(64,'Ericka','Murray','2024-12-06 14:40:38','2024-12-06 14:40:38'),
(65,'Cassandra','Bauch','2024-12-06 14:40:38','2024-12-06 14:40:38'),
(66,'Nia','Cruickshank','2024-12-06 14:40:38','2024-12-06 14:40:38'),
(67,'Simeon','Runolfsson','2024-12-06 14:40:38','2024-12-06 14:40:38'),
(68,'Darron','Trantow','2024-12-06 14:40:38','2024-12-06 14:40:38'),
(69,'Brennan','Stroman','2024-12-06 14:40:38','2024-12-06 14:40:38'),
(70,'Rhett','Bednar','2024-12-06 14:40:38','2024-12-06 14:40:38'),
(71,'Perry','Grant','2024-12-06 14:40:38','2024-12-06 14:40:38'),
(72,'Ruthie','Hermiston','2024-12-06 14:40:38','2024-12-06 14:40:38'),
(73,'Lon','Medhurst','2024-12-06 14:40:38','2024-12-06 14:40:38'),
(74,'General','Schuppe','2024-12-06 14:40:38','2024-12-06 14:40:38'),
(75,'Rae','Wehner','2024-12-06 14:40:38','2024-12-06 14:40:38'),
(76,'Susanna','Steuber','2024-12-06 14:40:38','2024-12-06 14:40:38'),
(77,'Lane','Schmidt','2024-12-06 14:40:38','2024-12-06 14:40:38'),
(78,'Jasper','Yost','2024-12-06 14:40:38','2024-12-06 14:40:38'),
(79,'Philip','Russel','2024-12-06 14:40:38','2024-12-06 14:40:38'),
(80,'Jamal','Rutherford','2024-12-06 14:40:38','2024-12-06 14:40:38'),
(81,'Edwin','McGlynn','2024-12-06 14:40:38','2024-12-06 14:40:38'),
(82,'Cassandra','Abbott','2024-12-06 14:40:38','2024-12-06 14:40:38'),
(83,'Bertram','Doyle','2024-12-06 14:40:38','2024-12-06 14:40:38'),
(84,'Orlo','Moen','2024-12-06 14:40:38','2024-12-06 14:40:38'),
(85,'Monroe','Weimann','2024-12-06 14:40:38','2024-12-06 14:40:38'),
(86,'Jeramy','Fadel','2024-12-06 14:40:38','2024-12-06 14:40:38'),
(87,'Lisandro','Hermiston','2024-12-06 14:40:38','2024-12-06 14:40:38'),
(88,'Jeramy','Jones','2024-12-06 14:40:38','2024-12-06 14:40:38'),
(89,'Doug','Rath','2024-12-06 14:40:38','2024-12-06 14:40:38'),
(90,'Nettie','Kessler','2024-12-06 14:40:38','2024-12-06 14:40:38'),
(91,'Sofia','Lehner','2024-12-06 14:40:38','2024-12-06 14:40:38'),
(92,'Dagmar','Grant','2024-12-06 14:40:38','2024-12-06 14:40:38'),
(93,'Bridgette','Braun','2024-12-06 14:40:38','2024-12-06 14:40:38'),
(94,'Baron','Vandervort','2024-12-06 14:40:38','2024-12-06 14:40:38'),
(95,'Lamont','Dibbert','2024-12-06 14:40:38','2024-12-06 14:40:38'),
(96,'Brad','Dicki','2024-12-06 14:40:38','2024-12-06 14:40:38'),
(97,'Jon','Abbott','2024-12-06 14:40:38','2024-12-06 14:40:38'),
(98,'Delores','Berge','2024-12-06 14:40:38','2024-12-06 14:40:38'),
(99,'Ella','Nienow','2024-12-06 14:40:38','2024-12-06 14:40:38'),
(100,'Dewayne','Stark','2024-12-06 14:40:38','2024-12-06 14:40:38'),
(101,'Cierra','Treutel','2024-12-06 14:40:38','2024-12-06 14:40:38'),
(102,'Raegan','Gutkowski','2024-12-06 14:40:38','2024-12-06 14:40:38'),
(103,'Isidro','Cremin','2024-12-06 14:40:38','2024-12-06 14:40:38'),
(104,'Miracle','Weimann','2024-12-06 14:40:38','2024-12-06 14:40:38'),
(105,'Maia','Larson','2024-12-06 14:40:38','2024-12-06 14:40:38'),
(106,'Francisco','Collins','2024-12-06 14:40:38','2024-12-06 14:40:38'),
(107,'Theron','Goldner','2024-12-06 14:40:38','2024-12-06 14:40:38'),
(108,'Neva','Yundt','2024-12-06 14:40:38','2024-12-06 14:40:38'),
(109,'Judge','Feest','2024-12-06 14:40:38','2024-12-06 14:40:38'),
(110,'Cary','Kuhlman','2024-12-06 14:40:38','2024-12-06 14:40:38'),
(111,'Sincere','Crist','2024-12-06 14:40:38','2024-12-06 14:40:38'),
(112,'Hailee','Klocko','2024-12-06 14:40:38','2024-12-06 14:40:38'),
(113,'Alayna','Torp','2024-12-06 14:40:38','2024-12-06 14:40:38'),
(114,'Kenna','Steuber','2024-12-06 14:40:38','2024-12-06 14:40:38'),
(115,'Haleigh','Hackett','2024-12-06 14:40:38','2024-12-06 14:40:38'),
(116,'Rogers','Lueilwitz','2024-12-06 14:40:38','2024-12-06 14:40:38'),
(117,'Chase','Franecki','2024-12-06 14:40:38','2024-12-06 14:40:38'),
(118,'Demond','Ryan','2024-12-06 14:40:38','2024-12-06 14:40:38'),
(119,'Maud','Ferry','2024-12-06 14:40:38','2024-12-06 14:40:38'),
(120,'Elyssa','Leannon','2024-12-06 14:40:38','2024-12-06 14:40:38'),
(121,'Clovis','Stiedemann','2024-12-06 14:40:38','2024-12-06 14:40:38'),
(122,'Kyler','Lehner','2024-12-06 14:40:38','2024-12-06 14:40:38'),
(123,'Felicity','Heathcote','2024-12-06 14:40:38','2024-12-06 14:40:38'),
(124,'Eva','Ziemann','2024-12-06 14:40:38','2024-12-06 14:40:38'),
(125,'Malachi','Prohaska','2024-12-06 14:40:38','2024-12-06 14:40:38'),
(126,'Lindsay','Hyatt','2024-12-06 14:40:38','2024-12-06 14:40:38'),
(127,'Kadin','Hahn','2024-12-06 14:40:38','2024-12-06 14:40:38'),
(128,'Coby','Murazik','2024-12-06 14:40:38','2024-12-06 14:40:38'),
(129,'Korey','Klein','2024-12-06 14:40:38','2024-12-06 14:40:38'),
(130,'Caterina','Kozey','2024-12-06 14:40:38','2024-12-06 14:40:38'),
(131,'Braden','Kessler','2024-12-06 14:40:38','2024-12-06 14:40:38'),
(132,'Keyon','Sawayn','2024-12-06 14:40:38','2024-12-06 14:40:38'),
(133,'Lupe','Schulist','2024-12-06 14:40:38','2024-12-06 14:40:38'),
(134,'Frederick','Feeney','2024-12-06 14:40:38','2024-12-06 14:40:38'),
(135,'Cindy','Fahey','2024-12-06 14:40:38','2024-12-06 14:40:38'),
(136,'Rigoberto','Homenick','2024-12-06 14:40:38','2024-12-06 14:40:38'),
(137,'Gust','Von','2024-12-06 14:40:38','2024-12-06 14:40:38'),
(138,'Bud','Barton','2024-12-06 14:40:38','2024-12-06 14:40:38'),
(139,'Aliza','Schuppe','2024-12-06 14:40:38','2024-12-06 14:40:38'),
(140,'Harmony','Hoeger','2024-12-06 14:40:38','2024-12-06 14:40:38'),
(141,'Royal','Kreiger','2024-12-06 14:40:38','2024-12-06 14:40:38'),
(142,'Jerome','Stiedemann','2024-12-06 14:40:38','2024-12-06 14:40:38'),
(143,'Allison','Gleason','2024-12-06 14:40:38','2024-12-06 14:40:38'),
(144,'Einar','Lueilwitz','2024-12-06 14:40:38','2024-12-06 14:40:38'),
(145,'Haylie','Swaniawski','2024-12-06 14:40:38','2024-12-06 14:40:38'),
(146,'Rylee','Schroeder','2024-12-06 14:40:38','2024-12-06 14:40:38'),
(147,'Beth','Deckow','2024-12-06 14:40:38','2024-12-06 14:40:38'),
(148,'Trudie','Rippin','2024-12-06 14:40:38','2024-12-06 14:40:38'),
(149,'Elijah','Beier','2024-12-06 14:40:38','2024-12-06 14:40:38'),
(150,'Caesar','Deckow','2024-12-06 14:40:38','2024-12-06 14:40:38'),
(151,'Guido','Kuhic','2024-12-06 14:40:38','2024-12-06 14:40:38'),
(152,'Kade','Kunde','2024-12-06 14:40:38','2024-12-06 14:40:38'),
(153,'Weston','Pfeffer','2024-12-06 14:40:38','2024-12-06 14:40:38'),
(154,'Tyrel','Shanahan','2024-12-06 14:40:38','2024-12-06 14:40:38'),
(155,'Kylie','Huel','2024-12-06 14:40:38','2024-12-06 14:40:38'),
(156,'Ericka','Hegmann','2024-12-06 14:40:38','2024-12-06 14:40:38'),
(157,'Drew','Cronin','2024-12-06 14:40:38','2024-12-06 14:40:38'),
(158,'Forrest','Stoltenberg','2024-12-06 14:40:38','2024-12-06 14:40:38'),
(159,'Shea','Stamm','2024-12-06 14:40:38','2024-12-06 14:40:38'),
(160,'Humberto','Grimes','2024-12-06 14:40:38','2024-12-06 14:40:38'),
(161,'Amalia','Heathcote','2024-12-06 14:40:38','2024-12-06 14:40:38'),
(162,'Caesar','Abernathy','2024-12-06 14:40:38','2024-12-06 14:40:38'),
(163,'Alexandra','Kuphal','2024-12-06 14:40:38','2024-12-06 14:40:38'),
(164,'Della','Johns','2024-12-06 14:40:38','2024-12-06 14:40:38'),
(165,'Gia','Jakubowski','2024-12-06 14:40:38','2024-12-06 14:40:38'),
(166,'Olen','Adams','2024-12-06 14:40:38','2024-12-06 14:40:38'),
(167,'Vilma','Ledner','2024-12-06 14:40:38','2024-12-06 14:40:38'),
(168,'Jose','Schumm','2024-12-06 14:40:38','2024-12-06 14:40:38'),
(169,'Fausto','Bartell','2024-12-06 14:40:38','2024-12-06 14:40:38'),
(170,'Flo','Buckridge','2024-12-06 14:40:38','2024-12-06 14:40:38'),
(171,'Hudson','Abshire','2024-12-06 14:40:38','2024-12-06 14:40:38'),
(172,'Helmer','Volkman','2024-12-06 14:40:38','2024-12-06 14:40:38'),
(173,'Elouise','Mills','2024-12-06 14:40:38','2024-12-06 14:40:38'),
(174,'Irwin','Rippin','2024-12-06 14:40:38','2024-12-06 14:40:38'),
(175,'Alysa','Lesch','2024-12-06 14:40:38','2024-12-06 14:40:38'),
(176,'Mona','Beatty','2024-12-06 14:40:38','2024-12-06 14:40:38'),
(177,'Jeffery','Upton','2024-12-06 14:40:38','2024-12-06 14:40:38'),
(178,'Austen','Klocko','2024-12-06 14:40:38','2024-12-06 14:40:38'),
(179,'Adrienne','Kerluke','2024-12-06 14:40:38','2024-12-06 14:40:38'),
(180,'Terrell','Gerlach','2024-12-06 14:40:38','2024-12-06 14:40:38'),
(181,'Jeramie','Treutel','2024-12-06 14:40:38','2024-12-06 14:40:38'),
(182,'Evans','Schmidt','2024-12-06 14:40:38','2024-12-06 14:40:38'),
(183,'Clovis','Shields','2024-12-06 14:40:38','2024-12-06 14:40:38'),
(184,'Ford','Hayes','2024-12-06 14:40:38','2024-12-06 14:40:38'),
(185,'Solon','Schmidt','2024-12-06 14:40:38','2024-12-06 14:40:38'),
(186,'Taya','Wintheiser','2024-12-06 14:40:38','2024-12-06 14:40:38'),
(187,'Daphney','McGlynn','2024-12-06 14:40:38','2024-12-06 14:40:38'),
(188,'Monty','Flatley','2024-12-06 14:40:38','2024-12-06 14:40:38'),
(189,'Taurean','Collins','2024-12-06 14:40:38','2024-12-06 14:40:38'),
(190,'Dessie','Batz','2024-12-06 14:40:38','2024-12-06 14:40:38'),
(191,'Hayley','Heller','2024-12-06 14:40:38','2024-12-06 14:40:38'),
(192,'Callie','Grimes','2024-12-06 14:40:38','2024-12-06 14:40:38'),
(193,'Brandy','Conn','2024-12-06 14:40:38','2024-12-06 14:40:38'),
(194,'Ansley','Osinski','2024-12-06 14:40:38','2024-12-06 14:40:38'),
(195,'Joan','Barton','2024-12-06 14:40:38','2024-12-06 14:40:38'),
(196,'Norma','Strosin','2024-12-06 14:40:38','2024-12-06 14:40:38'),
(197,'Jaida','Gusikowski','2024-12-06 14:40:38','2024-12-06 14:40:38'),
(198,'Khalid','Brown','2024-12-06 14:40:38','2024-12-06 14:40:38'),
(199,'Schuyler','Kshlerin','2024-12-06 14:40:38','2024-12-06 14:40:38'),
(200,'Chelsea','Streich','2024-12-06 14:40:38','2024-12-06 14:40:38'),
(201,'Shanel','Collins','2024-12-06 14:40:38','2024-12-06 14:40:38'),
(202,'Nyasia','Ernser','2024-12-06 14:40:38','2024-12-06 14:40:38'),
(203,'Flavio','Gaylord','2024-12-06 14:40:38','2024-12-06 14:40:38'),
(204,'Lucius','Mills','2024-12-06 14:40:38','2024-12-06 14:40:38'),
(205,'Lonie','Lang','2024-12-06 14:40:38','2024-12-06 14:40:38'),
(206,'Leila','Lesch','2024-12-06 14:40:38','2024-12-06 14:40:38'),
(207,'Darryl','Von','2024-12-06 14:40:38','2024-12-06 14:40:38'),
(208,'Treva','Koch','2024-12-06 14:40:38','2024-12-06 14:40:38'),
(209,'Stone','Aufderhar','2024-12-06 14:40:38','2024-12-06 14:40:38'),
(210,'Regan','Mann','2024-12-06 14:40:38','2024-12-06 14:40:38'),
(211,'Mckayla','Goodwin','2024-12-06 14:40:38','2024-12-06 14:40:38'),
(212,'Oswaldo','Hoeger','2024-12-06 14:40:38','2024-12-06 14:40:38'),
(213,'Marshall','Keeling','2024-12-06 14:40:38','2024-12-06 14:40:38'),
(214,'Roselyn','Harvey','2024-12-06 14:40:38','2024-12-06 14:40:38'),
(215,'Kasandra','Leuschke','2024-12-06 14:40:38','2024-12-06 14:40:38'),
(216,'Mya','Rath','2024-12-06 14:40:38','2024-12-06 14:40:38'),
(217,'Mariana','Mraz','2024-12-06 14:40:38','2024-12-06 14:40:38'),
(218,'Aiden','Bogan','2024-12-06 14:40:38','2024-12-06 14:40:38'),
(219,'Rogers','Weber','2024-12-06 14:40:38','2024-12-06 14:40:38'),
(220,'Jayme','Little','2024-12-06 14:40:38','2024-12-06 14:40:38'),
(221,'Kaia','Renner','2024-12-06 14:40:38','2024-12-06 14:40:38'),
(222,'Donnell','Schaden','2024-12-06 14:40:38','2024-12-06 14:40:38'),
(223,'Kiara','Rosenbaum','2024-12-06 14:40:38','2024-12-06 14:40:38'),
(224,'Tyrique','Smitham','2024-12-06 14:40:38','2024-12-06 14:40:38'),
(225,'Stuart','Dare','2024-12-06 14:40:38','2024-12-06 14:40:38'),
(226,'Jerod','Franecki','2024-12-06 14:40:38','2024-12-06 14:40:38'),
(227,'Emanuel','Hirthe','2024-12-06 14:40:38','2024-12-06 14:40:38'),
(228,'Horacio','Baumbach','2024-12-06 14:40:38','2024-12-06 14:40:38'),
(229,'Oda','Pagac','2024-12-06 14:40:38','2024-12-06 14:40:38'),
(230,'Webster','Trantow','2024-12-06 14:40:38','2024-12-06 14:40:38'),
(231,'Jeanne','Hane','2024-12-06 14:40:38','2024-12-06 14:40:38'),
(232,'Derrick','Stracke','2024-12-06 14:40:38','2024-12-06 14:40:38'),
(233,'Vada','Walker','2024-12-06 14:40:38','2024-12-06 14:40:38'),
(234,'Jayda','Stark','2024-12-06 14:40:38','2024-12-06 14:40:38'),
(235,'Randal','Kemmer','2024-12-06 14:40:38','2024-12-06 14:40:38'),
(236,'Felicita','Feeney','2024-12-06 14:40:38','2024-12-06 14:40:38'),
(237,'Salvatore','Green','2024-12-06 14:40:38','2024-12-06 14:40:38'),
(238,'Halie','Kozey','2024-12-06 14:40:38','2024-12-06 14:40:38'),
(239,'Isac','Kshlerin','2024-12-06 14:40:38','2024-12-06 14:40:38'),
(240,'Clovis','Moore','2024-12-06 14:40:38','2024-12-06 14:40:38'),
(241,'Delaney','Bruen','2024-12-06 14:40:38','2024-12-06 14:40:38'),
(242,'Chelsey','West','2024-12-06 14:40:38','2024-12-06 14:40:38'),
(243,'Alayna','Hodkiewicz','2024-12-06 14:40:38','2024-12-06 14:40:38'),
(244,'Candace','Dickinson','2024-12-06 14:40:38','2024-12-06 14:40:38'),
(245,'Graciela','Renner','2024-12-06 14:40:38','2024-12-06 14:40:38'),
(246,'Hailee','Mann','2024-12-06 14:40:38','2024-12-06 14:40:38'),
(247,'Jackson','Raynor','2024-12-06 14:40:38','2024-12-06 14:40:38'),
(248,'Alysha','Schultz','2024-12-06 14:40:38','2024-12-06 14:40:38'),
(249,'Taurean','Crooks','2024-12-06 14:40:38','2024-12-06 14:40:38'),
(250,'Daphney','Bechtelar','2024-12-06 14:40:38','2024-12-06 14:40:38'),
(251,'Marianna','Bernhard','2024-12-06 14:40:38','2024-12-06 14:40:38'),
(252,'Ava','Gerhold','2024-12-06 14:40:38','2024-12-06 14:40:38'),
(253,'Ashleigh','White','2024-12-06 14:40:38','2024-12-06 14:40:38'),
(254,'Aleen','Orn','2024-12-06 14:40:38','2024-12-06 14:40:38'),
(255,'Jermain','Schmeler','2024-12-06 14:40:38','2024-12-06 14:40:38'),
(256,'Jacklyn','Greenfelder','2024-12-06 14:40:38','2024-12-06 14:40:38'),
(257,'Marianne','Funk','2024-12-06 14:40:38','2024-12-06 14:40:38'),
(258,'Haley','Medhurst','2024-12-06 14:40:38','2024-12-06 14:40:38'),
(259,'Estelle','Harvey','2024-12-06 14:40:38','2024-12-06 14:40:38'),
(260,'Eldred','Anderson','2024-12-06 14:40:38','2024-12-06 14:40:38'),
(261,'Horace','Reynolds','2024-12-06 14:40:38','2024-12-06 14:40:38'),
(262,'Brandyn','Lueilwitz','2024-12-06 14:40:38','2024-12-06 14:40:38'),
(263,'Glennie','Rippin','2024-12-06 14:40:38','2024-12-06 14:40:38'),
(264,'Kayla','Kemmer','2024-12-06 14:40:38','2024-12-06 14:40:38'),
(265,'Julius','Johnson','2024-12-06 14:40:38','2024-12-06 14:40:38'),
(266,'Coralie','Mraz','2024-12-06 14:40:38','2024-12-06 14:40:38'),
(267,'Gilberto','Kiehn','2024-12-06 14:40:38','2024-12-06 14:40:38'),
(268,'Joy','Friesen','2024-12-06 14:40:38','2024-12-06 14:40:38'),
(269,'Filomena','Pacocha','2024-12-06 14:40:38','2024-12-06 14:40:38'),
(270,'Grayson','Schulist','2024-12-06 14:40:38','2024-12-06 14:40:38'),
(271,'Abelardo','Heaney','2024-12-06 14:40:38','2024-12-06 14:40:38'),
(272,'Virgil','Dooley','2024-12-06 14:40:38','2024-12-06 14:40:38'),
(273,'Grant','Abshire','2024-12-06 14:40:38','2024-12-06 14:40:38'),
(274,'Declan','Monahan','2024-12-06 14:40:38','2024-12-06 14:40:38'),
(275,'Estefania','Strosin','2024-12-06 14:40:38','2024-12-06 14:40:38'),
(276,'Susie','Cartwright','2024-12-06 14:40:38','2024-12-06 14:40:38'),
(277,'Milton','Kessler','2024-12-06 14:40:38','2024-12-06 14:40:38'),
(278,'Chandler','Tillman','2024-12-06 14:40:38','2024-12-06 14:40:38'),
(279,'Bud','Bailey','2024-12-06 14:40:38','2024-12-06 14:40:38'),
(280,'Norwood','Powlowski','2024-12-06 14:40:38','2024-12-06 14:40:38'),
(281,'Greyson','Rempel','2024-12-06 14:40:38','2024-12-06 14:40:38'),
(282,'Sophia','Beer','2024-12-06 14:40:38','2024-12-06 14:40:38'),
(283,'Deborah','Williamson','2024-12-06 14:40:38','2024-12-06 14:40:38'),
(284,'Blair','Kohler','2024-12-06 14:40:38','2024-12-06 14:40:38'),
(285,'Colton','Lemke','2024-12-06 14:40:38','2024-12-06 14:40:38'),
(286,'Thora','McKenzie','2024-12-06 14:40:38','2024-12-06 14:40:38'),
(287,'Myriam','Zieme','2024-12-06 14:40:38','2024-12-06 14:40:38'),
(288,'Laurianne','Mayer','2024-12-06 14:40:38','2024-12-06 14:40:38'),
(289,'Ansel','Botsford','2024-12-06 14:40:38','2024-12-06 14:40:38'),
(290,'Elmira','Satterfield','2024-12-06 14:40:38','2024-12-06 14:40:38'),
(291,'Rosalind','Huels','2024-12-06 14:40:38','2024-12-06 14:40:38'),
(292,'Eladio','Shanahan','2024-12-06 14:40:38','2024-12-06 14:40:38'),
(293,'Lenore','Connelly','2024-12-06 14:40:38','2024-12-06 14:40:38'),
(294,'Mitchell','Lehner','2024-12-06 14:40:38','2024-12-06 14:40:38'),
(295,'Erling','Welch','2024-12-06 14:40:38','2024-12-06 14:40:38'),
(296,'Jayme','Heathcote','2024-12-06 14:40:38','2024-12-06 14:40:38'),
(297,'Dino','Greenholt','2024-12-06 14:40:38','2024-12-06 14:40:38'),
(298,'Randi','Kutch','2024-12-06 14:40:38','2024-12-06 14:40:38'),
(299,'Alvena','Rowe','2024-12-06 14:40:38','2024-12-06 14:40:38'),
(300,'Jaron','Renner','2024-12-06 14:40:38','2024-12-06 14:40:38'),
(301,'Veda','Dibbert','2024-12-06 14:40:38','2024-12-06 14:40:38'),
(302,'Coy','Wisoky','2024-12-06 14:40:38','2024-12-06 14:40:38'),
(303,'Deron','Adams','2024-12-06 14:40:38','2024-12-06 14:40:38'),
(304,'Cali','Harber','2024-12-06 14:40:38','2024-12-06 14:40:38'),
(305,'Nathen','Witting','2024-12-06 14:40:38','2024-12-06 14:40:38'),
(306,'Angeline','Hermann','2024-12-06 14:40:38','2024-12-06 14:40:38'),
(307,'Lori','Willms','2024-12-06 14:40:38','2024-12-06 14:40:38'),
(308,'Erich','Carter','2024-12-06 14:40:38','2024-12-06 14:40:38'),
(309,'Miller','Trantow','2024-12-06 14:40:38','2024-12-06 14:40:38'),
(310,'Furman','Beatty','2024-12-06 14:40:38','2024-12-06 14:40:38'),
(311,'Max','Bartoletti','2024-12-06 14:40:38','2024-12-06 14:40:38'),
(312,'Mack','Russel','2024-12-06 14:40:38','2024-12-06 14:40:38'),
(313,'Grady','Kessler','2024-12-06 14:40:38','2024-12-06 14:40:38'),
(314,'Verona','Daniel','2024-12-06 14:40:38','2024-12-06 14:40:38'),
(315,'Ewald','Becker','2024-12-06 14:40:38','2024-12-06 14:40:38'),
(316,'Hilma','Champlin','2024-12-06 14:40:38','2024-12-06 14:40:38'),
(317,'Luz','Streich','2024-12-06 14:40:38','2024-12-06 14:40:38'),
(318,'Delores','Goldner','2024-12-06 14:40:38','2024-12-06 14:40:38'),
(319,'Axel','Schuster','2024-12-06 14:40:38','2024-12-06 14:40:38'),
(320,'Elfrieda','Johnson','2024-12-06 14:40:38','2024-12-06 14:40:38'),
(321,'Theron','Crooks','2024-12-06 14:40:38','2024-12-06 14:40:38'),
(322,'Elouise','Jenkins','2024-12-06 14:40:38','2024-12-06 14:40:38'),
(323,'Verdie','Koelpin','2024-12-06 14:40:38','2024-12-06 14:40:38'),
(324,'Alfredo','Carroll','2024-12-06 14:40:38','2024-12-06 14:40:38'),
(325,'Kaley','Kilback','2024-12-06 14:40:38','2024-12-06 14:40:38'),
(326,'Estefania','Kozey','2024-12-06 14:40:38','2024-12-06 14:40:38'),
(327,'Shanel','Anderson','2024-12-06 14:40:38','2024-12-06 14:40:38'),
(328,'Alba','Macejkovic','2024-12-06 14:40:38','2024-12-06 14:40:38'),
(329,'Courtney','Abbott','2024-12-06 14:40:38','2024-12-06 14:40:38'),
(330,'Wilson','Schaden','2024-12-06 14:40:38','2024-12-06 14:40:38'),
(331,'Juana','Blick','2024-12-06 14:40:38','2024-12-06 14:40:38'),
(332,'Rolando','Lubowitz','2024-12-06 14:40:38','2024-12-06 14:40:38'),
(333,'Carmen','Marks','2024-12-06 14:40:38','2024-12-06 14:40:38'),
(334,'Javon','Langworth','2024-12-06 14:40:38','2024-12-06 14:40:38'),
(335,'Royal','Kulas','2024-12-06 14:40:38','2024-12-06 14:40:38'),
(336,'Ariel','Bednar','2024-12-06 14:40:38','2024-12-06 14:40:38'),
(337,'Ebony','Mayert','2024-12-06 14:40:38','2024-12-06 14:40:38'),
(338,'Jewel','Windler','2024-12-06 14:40:38','2024-12-06 14:40:38'),
(339,'Gerard','Smitham','2024-12-06 14:40:38','2024-12-06 14:40:38'),
(340,'Gerald','Auer','2024-12-06 14:40:38','2024-12-06 14:40:38'),
(341,'Norene','Kuhlman','2024-12-06 14:40:38','2024-12-06 14:40:38'),
(342,'Camylle','Luettgen','2024-12-06 14:40:38','2024-12-06 14:40:38'),
(343,'Ellie','Steuber','2024-12-06 14:40:38','2024-12-06 14:40:38'),
(344,'Maude','Kulas','2024-12-06 14:40:38','2024-12-06 14:40:38'),
(345,'Alaina','Wintheiser','2024-12-06 14:40:38','2024-12-06 14:40:38'),
(346,'Mckenzie','Balistreri','2024-12-06 14:40:38','2024-12-06 14:40:38'),
(347,'Laurie','Kunde','2024-12-06 14:40:38','2024-12-06 14:40:38'),
(348,'Abigail','Konopelski','2024-12-06 14:40:38','2024-12-06 14:40:38'),
(349,'Athena','Howell','2024-12-06 14:40:38','2024-12-06 14:40:38'),
(350,'Roxane','Smitham','2024-12-06 14:40:38','2024-12-06 14:40:38'),
(351,'Amalia','Reynolds','2024-12-06 14:40:38','2024-12-06 14:40:38'),
(352,'Hipolito','Hauck','2024-12-06 14:40:38','2024-12-06 14:40:38'),
(353,'Madie','Carter','2024-12-06 14:40:38','2024-12-06 14:40:38'),
(354,'Sarina','Greenholt','2024-12-06 14:40:38','2024-12-06 14:40:38'),
(355,'Liliana','Langworth','2024-12-06 14:40:38','2024-12-06 14:40:38'),
(356,'Ebony','Treutel','2024-12-06 14:40:38','2024-12-06 14:40:38'),
(357,'Christopher','Kozey','2024-12-06 14:40:38','2024-12-06 14:40:38'),
(358,'Providenci','Kemmer','2024-12-06 14:40:38','2024-12-06 14:40:38'),
(359,'Herta','Treutel','2024-12-06 14:40:38','2024-12-06 14:40:38'),
(360,'Lisandro','Russel','2024-12-06 14:40:38','2024-12-06 14:40:38'),
(361,'Mya','Hickle','2024-12-06 14:40:38','2024-12-06 14:40:38'),
(362,'Norwood','Leuschke','2024-12-06 14:40:38','2024-12-06 14:40:38'),
(363,'Daren','Effertz','2024-12-06 14:40:38','2024-12-06 14:40:38'),
(364,'Precious','Durgan','2024-12-06 14:40:38','2024-12-06 14:40:38'),
(365,'Dasia','White','2024-12-06 14:40:38','2024-12-06 14:40:38'),
(366,'Issac','Borer','2024-12-06 14:40:38','2024-12-06 14:40:38'),
(367,'Nakia','Gulgowski','2024-12-06 14:40:38','2024-12-06 14:40:38'),
(368,'Lora','Herzog','2024-12-06 14:40:38','2024-12-06 14:40:38'),
(369,'Eugenia','Daugherty','2024-12-06 14:40:38','2024-12-06 14:40:38'),
(370,'Omari','Bogan','2024-12-06 14:40:38','2024-12-06 14:40:38'),
(371,'Rory','Feest','2024-12-06 14:40:38','2024-12-06 14:40:38'),
(372,'Macie','O\'Keefe','2024-12-06 14:40:38','2024-12-06 14:40:38'),
(373,'Dameon','Abshire','2024-12-06 14:40:38','2024-12-06 14:40:38'),
(374,'Zora','Strosin','2024-12-06 14:40:38','2024-12-06 14:40:38'),
(375,'Tatum','Auer','2024-12-06 14:40:38','2024-12-06 14:40:38'),
(376,'Johanna','Effertz','2024-12-06 14:40:38','2024-12-06 14:40:38'),
(377,'Abbigail','Greenholt','2024-12-06 14:40:38','2024-12-06 14:40:38'),
(378,'Hilma','Rolfson','2024-12-06 14:40:38','2024-12-06 14:40:38'),
(379,'Treva','Batz','2024-12-06 14:40:38','2024-12-06 14:40:38'),
(380,'Franco','Boehm','2024-12-06 14:40:38','2024-12-06 14:40:38'),
(381,'Tara','Hoppe','2024-12-06 14:40:38','2024-12-06 14:40:38'),
(382,'Edythe','Casper','2024-12-06 14:40:38','2024-12-06 14:40:38'),
(383,'Beth','Hodkiewicz','2024-12-06 14:40:38','2024-12-06 14:40:38'),
(384,'Estelle','Beer','2024-12-06 14:40:38','2024-12-06 14:40:38'),
(385,'Monica','Prosacco','2024-12-06 14:40:38','2024-12-06 14:40:38'),
(386,'Lavada','Blick','2024-12-06 14:40:38','2024-12-06 14:40:38'),
(387,'Lura','Gorczany','2024-12-06 14:40:38','2024-12-06 14:40:38'),
(388,'Dane','O\'Connell','2024-12-06 14:40:38','2024-12-06 14:40:38'),
(389,'Claudine','Durgan','2024-12-06 14:40:38','2024-12-06 14:40:38'),
(390,'Gennaro','Prosacco','2024-12-06 14:40:38','2024-12-06 14:40:38'),
(391,'Alessandra','Simonis','2024-12-06 14:40:38','2024-12-06 14:40:38'),
(392,'Bailee','Harber','2024-12-06 14:40:38','2024-12-06 14:40:38'),
(393,'Nolan','Rogahn','2024-12-06 14:40:38','2024-12-06 14:40:38'),
(394,'Peter','Huels','2024-12-06 14:40:38','2024-12-06 14:40:38'),
(395,'Arden','Koss','2024-12-06 14:40:38','2024-12-06 14:40:38'),
(396,'Loren','Trantow','2024-12-06 14:40:38','2024-12-06 14:40:38'),
(397,'Juanita','Weimann','2024-12-06 14:40:38','2024-12-06 14:40:38'),
(398,'Shania','Lakin','2024-12-06 14:40:38','2024-12-06 14:40:38'),
(399,'Kiel','Anderson','2024-12-06 14:40:38','2024-12-06 14:40:38'),
(400,'Karson','Langworth','2024-12-06 14:40:38','2024-12-06 14:40:38'),
(401,'Bertrand','Ward','2024-12-06 14:40:38','2024-12-06 14:40:38'),
(402,'Dan','Schowalter','2024-12-06 14:40:38','2024-12-06 14:40:38'),
(403,'Maxine','Larson','2024-12-06 14:40:38','2024-12-06 14:40:38'),
(404,'Adelbert','Osinski','2024-12-06 14:40:38','2024-12-06 14:40:38'),
(405,'Amaya','Lindgren','2024-12-06 14:40:38','2024-12-06 14:40:38'),
(406,'Thea','Cartwright','2024-12-06 14:40:38','2024-12-06 14:40:38'),
(407,'Fannie','Nienow','2024-12-06 14:40:38','2024-12-06 14:40:38'),
(408,'Ellen','Weimann','2024-12-06 14:40:38','2024-12-06 14:40:38'),
(409,'Hyman','Larkin','2024-12-06 14:40:38','2024-12-06 14:40:38'),
(410,'Whitney','Leuschke','2024-12-06 14:40:38','2024-12-06 14:40:38'),
(411,'Alvina','Borer','2024-12-06 14:40:38','2024-12-06 14:40:38'),
(412,'Katherine','Stroman','2024-12-06 14:40:38','2024-12-06 14:40:38'),
(413,'Maximo','Ziemann','2024-12-06 14:40:38','2024-12-06 14:40:38'),
(414,'Sam','Bayer','2024-12-06 14:40:38','2024-12-06 14:40:38'),
(415,'Alvah','Hermiston','2024-12-06 14:40:38','2024-12-06 14:40:38'),
(416,'Wayne','Bruen','2024-12-06 14:40:38','2024-12-06 14:40:38'),
(417,'Rene','Bosco','2024-12-06 14:40:38','2024-12-06 14:40:38'),
(418,'Werner','Hegmann','2024-12-06 14:40:38','2024-12-06 14:40:38'),
(419,'Laury','Lesch','2024-12-06 14:40:38','2024-12-06 14:40:38'),
(420,'Winnifred','Ziemann','2024-12-06 14:40:38','2024-12-06 14:40:38'),
(421,'Gerson','Moen','2024-12-06 14:40:38','2024-12-06 14:40:38'),
(422,'Fay','Frami','2024-12-06 14:40:38','2024-12-06 14:40:38'),
(423,'Sarah','Auer','2024-12-06 14:40:38','2024-12-06 14:40:38'),
(424,'Lucile','Mann','2024-12-06 14:40:38','2024-12-06 14:40:38'),
(425,'Gerhard','Barton','2024-12-06 14:40:38','2024-12-06 14:40:38'),
(426,'Benjamin','Spinka','2024-12-06 14:40:38','2024-12-06 14:40:38'),
(427,'Cordell','Walker','2024-12-06 14:40:38','2024-12-06 14:40:38'),
(428,'Meredith','Medhurst','2024-12-06 14:40:38','2024-12-06 14:40:38'),
(429,'Jimmy','Hane','2024-12-06 14:40:38','2024-12-06 14:40:38'),
(430,'Rhiannon','Fritsch','2024-12-06 14:40:38','2024-12-06 14:40:38'),
(431,'Stanley','Bernhard','2024-12-06 14:40:38','2024-12-06 14:40:38'),
(432,'Mafalda','Hirthe','2024-12-06 14:40:38','2024-12-06 14:40:38'),
(433,'Favian','Hand','2024-12-06 14:40:38','2024-12-06 14:40:38'),
(434,'Aliya','Ritchie','2024-12-06 14:40:38','2024-12-06 14:40:38'),
(435,'Alf','Mertz','2024-12-06 14:40:38','2024-12-06 14:40:38'),
(436,'Joey','Kiehn','2024-12-06 14:40:38','2024-12-06 14:40:38'),
(437,'Gabe','Gusikowski','2024-12-06 14:40:38','2024-12-06 14:40:38'),
(438,'Kacey','Hyatt','2024-12-06 14:40:38','2024-12-06 14:40:38'),
(439,'Zelma','Hegmann','2024-12-06 14:40:38','2024-12-06 14:40:38'),
(440,'Jayce','Pagac','2024-12-06 14:40:38','2024-12-06 14:40:38'),
(441,'Karen','Klein','2024-12-06 14:40:38','2024-12-06 14:40:38'),
(442,'Linnea','Zulauf','2024-12-06 14:40:38','2024-12-06 14:40:38'),
(443,'Lonie','Wiza','2024-12-06 14:40:38','2024-12-06 14:40:38'),
(444,'Tomasa','Kirlin','2024-12-06 14:40:38','2024-12-06 14:40:38'),
(445,'Sandy','Weber','2024-12-06 14:40:38','2024-12-06 14:40:38'),
(446,'Paige','Cruickshank','2024-12-06 14:40:38','2024-12-06 14:40:38'),
(447,'Courtney','Lowe','2024-12-06 14:40:38','2024-12-06 14:40:38'),
(448,'Briana','Schuster','2024-12-06 14:40:38','2024-12-06 14:40:38'),
(449,'Parker','Schmitt','2024-12-06 14:40:38','2024-12-06 14:40:38'),
(450,'Mary','Thiel','2024-12-06 14:40:38','2024-12-06 14:40:38'),
(451,'Frances','Marquardt','2024-12-06 14:40:38','2024-12-06 14:40:38'),
(452,'Marques','Lueilwitz','2024-12-06 14:40:38','2024-12-06 14:40:38'),
(453,'Dax','King','2024-12-06 14:40:38','2024-12-06 14:40:38'),
(454,'Christop','Fisher','2024-12-06 14:40:38','2024-12-06 14:40:38'),
(455,'Elody','Hammes','2024-12-06 14:40:38','2024-12-06 14:40:38'),
(456,'Darrion','Collins','2024-12-06 14:40:38','2024-12-06 14:40:38'),
(457,'Lon','Torphy','2024-12-06 14:40:38','2024-12-06 14:40:38'),
(458,'Noel','Moen','2024-12-06 14:40:38','2024-12-06 14:40:38'),
(459,'Rhiannon','Klein','2024-12-06 14:40:38','2024-12-06 14:40:38'),
(460,'Noemy','Lang','2024-12-06 14:40:38','2024-12-06 14:40:38'),
(461,'Buford','Graham','2024-12-06 14:40:38','2024-12-06 14:40:38'),
(462,'Quincy','Okuneva','2024-12-06 14:40:38','2024-12-06 14:40:38'),
(463,'Kamren','Miller','2024-12-06 14:40:38','2024-12-06 14:40:38'),
(464,'Lora','VonRueden','2024-12-06 14:40:38','2024-12-06 14:40:38'),
(465,'Joy','Bernier','2024-12-06 14:40:38','2024-12-06 14:40:38'),
(466,'Destini','Wehner','2024-12-06 14:40:38','2024-12-06 14:40:38'),
(467,'Rhea','Oberbrunner','2024-12-06 14:40:38','2024-12-06 14:40:38'),
(468,'Lucienne','Conn','2024-12-06 14:40:38','2024-12-06 14:40:38'),
(469,'Gerardo','Jones','2024-12-06 14:40:38','2024-12-06 14:40:38'),
(470,'Helga','Schamberger','2024-12-06 14:40:38','2024-12-06 14:40:38'),
(471,'Johnnie','Gleason','2024-12-06 14:40:38','2024-12-06 14:40:38'),
(472,'Idella','Grady','2024-12-06 14:40:38','2024-12-06 14:40:38'),
(473,'Dereck','Lowe','2024-12-06 14:40:38','2024-12-06 14:40:38'),
(474,'Ardith','Lang','2024-12-06 14:40:38','2024-12-06 14:40:38'),
(475,'Ana','Wuckert','2024-12-06 14:40:38','2024-12-06 14:40:38'),
(476,'Kyla','Waters','2024-12-06 14:40:38','2024-12-06 14:40:38'),
(477,'Barney','Schaefer','2024-12-06 14:40:38','2024-12-06 14:40:38'),
(478,'Dylan','Gerhold','2024-12-06 14:40:38','2024-12-06 14:40:38'),
(479,'Jeff','Nienow','2024-12-06 14:40:38','2024-12-06 14:40:38'),
(480,'Luella','Stroman','2024-12-06 14:40:38','2024-12-06 14:40:38'),
(481,'Claudia','Conn','2024-12-06 14:40:38','2024-12-06 14:40:38'),
(482,'Lazaro','Emmerich','2024-12-06 14:40:38','2024-12-06 14:40:38'),
(483,'Manuela','Abshire','2024-12-06 14:40:38','2024-12-06 14:40:38'),
(484,'Aiden','Crist','2024-12-06 14:40:38','2024-12-06 14:40:38'),
(485,'Randall','Trantow','2024-12-06 14:40:38','2024-12-06 14:40:38'),
(486,'Solon','Spencer','2024-12-06 14:40:38','2024-12-06 14:40:38'),
(487,'Sven','Dooley','2024-12-06 14:40:38','2024-12-06 14:40:38'),
(488,'Eloise','Schoen','2024-12-06 14:40:38','2024-12-06 14:40:38'),
(489,'Macy','Hane','2024-12-06 14:40:38','2024-12-06 14:40:38'),
(490,'Princess','Grimes','2024-12-06 14:40:38','2024-12-06 14:40:38'),
(491,'Kadin','Dickens','2024-12-06 14:40:38','2024-12-06 14:40:38'),
(492,'Melisa','Erdman','2024-12-06 14:40:38','2024-12-06 14:40:38'),
(493,'Jettie','Kunde','2024-12-06 14:40:38','2024-12-06 14:40:38'),
(494,'Arlo','Senger','2024-12-06 14:40:38','2024-12-06 14:40:38'),
(495,'Sophie','Lang','2024-12-06 14:40:38','2024-12-06 14:40:38'),
(496,'Maggie','Padberg','2024-12-06 14:40:38','2024-12-06 14:40:38'),
(497,'Madisen','Hansen','2024-12-06 14:40:38','2024-12-06 14:40:38'),
(498,'Lenore','Halvorson','2024-12-06 14:40:38','2024-12-06 14:40:38'),
(499,'Amos','Moen','2024-12-06 14:40:38','2024-12-06 14:40:38'),
(500,'Arlo','Schimmel','2024-12-06 14:40:38','2024-12-06 14:40:38');
/*!40000 ALTER TABLE `authors` ENABLE KEYS */;
UNLOCK TABLES;

--
-- Table structure for table `bookclub_posts`
--

DROP TABLE IF EXISTS `bookclub_posts`;
/*!40101 SET @saved_cs_client     = @@character_set_client */;
/*!40101 SET character_set_client = utf8 */;
CREATE TABLE `bookclub_posts` (
  `id` bigint(20) unsigned NOT NULL AUTO_INCREMENT,
  `content` text NOT NULL,
  `bookclub_id` bigint(20) unsigned NOT NULL,
  `user_id` bigint(20) unsigned NOT NULL,
  `book_id` bigint(20) unsigned NOT NULL,
  `created_at` timestamp NULL DEFAULT NULL,
  `updated_at` timestamp NULL DEFAULT NULL,
  PRIMARY KEY (`id`)
) ENGINE=InnoDB AUTO_INCREMENT=83 DEFAULT CHARSET=utf8mb4 COLLATE=utf8mb4_unicode_ci;
/*!40101 SET character_set_client = @saved_cs_client */;

--
-- Dumping data for table `bookclub_posts`
--

LOCK TABLES `bookclub_posts` WRITE;
/*!40000 ALTER TABLE `bookclub_posts` DISABLE KEYS */;
INSERT INTO `bookclub_posts` VALUES
(2,'Ut voluptatem sequi hic et et. Voluptas explicabo perferendis nulla quo. Error dolorem numquam itaque id ea dolor.\n\nIusto ex hic esse ut enim. In autem libero aut.\n\nVoluptas animi excepturi qui dolorem error id. Voluptates qui ab omnis voluptatem est sit. Qui soluta aut animi et. Id perspiciatis asperiores voluptas adipisci nesciunt odio aut.\n\nEligendi consequuntur commodi ab ipsa ab voluptatem aspernatur. Dolores quasi quaerat molestias. Magni veniam sint et. Eius voluptatem fugiat ratione consequatur porro tenetur et corporis.\n\nQuis cumque tempora quam est magni dolores aspernatur. Quia vel error enim voluptas sed facilis in qui.\n\nUt aut numquam iusto non nostrum. Ipsa et quasi magni alias fugit fugiat. Provident est velit quaerat delectus quod natus. Vel est placeat molestias provident dicta nesciunt.',5,1,285,'2025-01-08 16:58:09','2025-01-08 16:58:09'),
(3,'Et itaque voluptas perspiciatis praesentium non provident dignissimos. Optio et est eaque quod voluptatibus illo incidunt. Velit molestiae voluptatibus aperiam. Sint odio vero sunt quia corrupti.\n\nConsequatur aut odit vel suscipit adipisci debitis omnis. Nihil eum corrupti et et fuga.\n\nVoluptatem velit natus assumenda. Eos deleniti maxime rem quidem nesciunt ut. Adipisci tempora at nam laborum fuga praesentium.\n\nAliquam eum doloremque voluptas nulla. Sint fugit pariatur atque itaque sequi. Dolorum assumenda repellendus dolores ipsum molestias et fugiat.\n\nEsse eos rerum est eos possimus sint. Cupiditate qui odio laboriosam et sint sit. Eos nostrum vel est. Commodi facilis enim voluptate cupiditate.\n\nAccusamus laudantium consequatur officiis et eius. Aut qui ut nulla. Omnis sint distinctio accusamus.',3,2,440,'2025-01-08 16:58:09','2025-01-08 16:58:09'),
(4,'Illum et totam nulla maxime qui dolorem quo. Est rerum nulla nemo fugit consequatur suscipit ut. Explicabo harum ratione dolorem est itaque ullam. Magni ea assumenda possimus reiciendis quis.\n\nQuis velit eum aliquid labore. Accusantium similique et vel. Mollitia sunt alias quis quia officia reiciendis. Laudantium dolores aut dolorem illo accusantium et.\n\nPraesentium neque ab modi accusantium non dolor. Voluptatibus veniam ipsum aspernatur nostrum iste earum quis optio. Mollitia laudantium doloribus similique. Cupiditate exercitationem qui est.\n\nVoluptates consequuntur provident qui ut distinctio. Minima sit dicta dicta natus aut provident eveniet. Qui dicta aperiam est voluptas voluptas quia officia.\n\nExpedita quia unde dicta odit veniam. Non rem aut voluptas adipisci. Et velit delectus ex quo voluptatem error occaecati. Dolorem quia officiis sunt consequuntur.\n\nHic et autem corrupti sit repudiandae. Id fugit est consequatur in vel. Doloribus eum vero nihil et.',3,2,76,'2025-01-08 16:58:09','2025-01-08 16:58:09'),
(5,'Voluptatum voluptatem minima rerum nulla. Atque deserunt facere vel.\n\nRerum velit modi veritatis facere et. Laborum aliquid possimus odio reiciendis animi ratione. Et laudantium in soluta inventore quam consequatur aut doloribus. Quibusdam minima officiis ut repudiandae pariatur saepe. Laboriosam porro fugit incidunt eveniet odit placeat sint.\n\nItaque in velit tempora quis rem reiciendis. Sequi quis molestiae eum sunt accusamus occaecati. Ut eveniet nihil et ut laborum rerum velit. Eveniet sit cupiditate est est et.\n\nExplicabo iste ab fuga veniam ipsum debitis nostrum. Dolor sint vel deleniti molestiae impedit facere. In occaecati culpa et aliquam error enim.\n\nAd repellat non quasi voluptatibus velit deleniti aut. Numquam praesentium et reiciendis quia consectetur consequatur. Voluptate quas accusamus odit cum.\n\nDebitis dignissimos non nostrum quae. Qui ducimus dolorum consequatur voluptas ratione impedit. Molestiae praesentium repudiandae harum voluptatem at quibusdam doloremque exercitationem. Architecto et ea cumque reiciendis.',5,1,303,'2025-01-08 16:58:09','2025-01-08 16:58:09'),
(6,'Quam blanditiis vitae odio modi aliquid quo. Repudiandae iure laudantium harum nulla quisquam dolorem voluptate. Minima placeat qui blanditiis mollitia nobis expedita similique. Enim quo sint enim qui magni et.\n\nDolorem illo quasi dolorem earum voluptatibus sint consequatur. Aliquam necessitatibus molestiae dolor velit. Voluptatem sed laborum et et facilis nam atque hic. Minima qui et enim sed harum aspernatur.\n\nFugiat voluptas delectus aut dolorem iste beatae modi. Eveniet consequatur aut qui omnis. Voluptatem ut dolorem architecto est.\n\nDolores perspiciatis impedit consequatur praesentium dicta dolor. Aut ipsa facere occaecati officiis velit delectus. Sit consequatur impedit ut consectetur. Nesciunt consectetur rem ut fuga. Ut est officia et.\n\nQuia suscipit odio et qui iste eligendi. Quis dolores earum vitae ut asperiores et. Cum recusandae quidem eum provident et quia laborum.\n\nHic et eligendi necessitatibus vero cumque repudiandae. Veniam dolorum molestias adipisci rerum. Impedit ut soluta fugit qui veniam facere voluptatem.',11,1,404,'2025-01-08 16:58:09','2025-01-08 16:58:09'),
(7,'Officiis et debitis in officia repellendus et. Nisi fuga omnis quia repudiandae aut. Cupiditate ipsam quia cumque.\n\nExplicabo est ipsam assumenda doloremque laborum. Distinctio et est reprehenderit cupiditate et. Quod repellat neque eveniet aliquid. Atque facilis quia nulla dicta. Quae voluptatem quia qui rerum sit eos blanditiis.\n\nFugit dolor non qui. Nemo aut temporibus recusandae quia assumenda id est.\n\nDolorem quia maxime ad. In quis quibusdam qui. Enim enim dolorem repellat perferendis.\n\nTotam iure neque vel consequatur. Fuga earum id facilis. In cumque saepe assumenda architecto distinctio voluptatum. Sunt quos ut nesciunt ipsam minima aut molestiae.\n\nMagni sunt quibusdam ut eaque. Et sint sunt qui numquam. Ut mollitia eum ut eaque.',20,1,38,'2025-01-08 16:58:09','2025-01-08 16:58:09'),
(8,'Consequatur molestias aspernatur libero corrupti. Voluptatem quia est sint.\n\nEst quia atque incidunt deserunt deserunt iusto. Odit odit voluptatem repellendus quaerat dolores at. Doloremque illum omnis totam.\n\nAut placeat qui aut dolorem dolor reiciendis expedita. Est qui voluptatem perferendis saepe veritatis quos impedit. Omnis nam reprehenderit vel necessitatibus in.\n\nDelectus dolorum aut vitae necessitatibus est fugiat. Nesciunt illo ipsum nostrum vero laboriosam. Dolor non corrupti ea veritatis maxime.\n\nNatus molestiae dolore sed consectetur et et dolorum itaque. Occaecati earum qui ex quidem. Et voluptas reprehenderit et quasi et omnis saepe. Et nihil facere minima laborum sint temporibus non.\n\nPlaceat distinctio sunt totam sed voluptatem molestiae quas et. Pariatur rerum enim accusantium rem. Amet sit aspernatur molestiae id delectus. Ipsa dolor est laudantium odio qui enim.',5,1,574,'2025-01-08 16:58:09','2025-01-08 16:58:09'),
(9,'Nihil expedita nostrum voluptatem vel temporibus. Deserunt voluptatem repellendus porro optio velit ipsa. In accusantium omnis nemo aut corrupti alias. Officiis labore qui eum ipsam eum recusandae tempore est.\n\nPariatur dolorum veritatis sed nam. Minus provident velit ut error molestiae. Dolor facilis dolorem qui natus occaecati in. Vitae iste quos praesentium.\n\nExplicabo enim quidem est impedit commodi voluptatem. Velit eos quia voluptatem officiis dolor nisi consectetur. Qui illo enim nisi qui et hic.\n\nMinima minima dolorum aliquid ut veritatis aperiam necessitatibus eum. Enim minus voluptates deleniti aspernatur quisquam natus deleniti. Neque ipsam deleniti voluptas ducimus rerum.\n\nIusto facere totam labore. Hic qui distinctio praesentium reiciendis numquam. Qui aut commodi mollitia inventore.\n\nAut dolore nihil provident omnis omnis dolorem non. Aut ut repellat quaerat voluptatem dolor perferendis. Qui sit voluptas quis blanditiis libero enim cupiditate. Est est repudiandae nam qui.',9,1,359,'2025-01-08 16:58:09','2025-01-08 16:58:09'),
(10,'Suscipit sed totam deserunt ut amet quaerat. Distinctio eveniet quasi nihil voluptatibus maiores debitis itaque fugit. Et quas quia eligendi esse illo.\n\nVoluptas magni enim harum deleniti similique. Recusandae similique voluptatibus omnis nihil aut. Qui fugiat accusamus dolores ea consequuntur aliquid. Et aut quisquam est ratione est ducimus eos.\n\nConsequatur maiores autem et. Quam quos perspiciatis ullam dolor non debitis. Qui dolor expedita neque voluptas ea nihil. Velit et eum enim.\n\nQuibusdam sint officiis quia a molestiae et. Distinctio quidem excepturi atque et laboriosam. Architecto qui eligendi quidem qui.\n\nUt perferendis sunt blanditiis vero quo nemo. Tempore debitis aspernatur velit quam et. Rem a tenetur fugit voluptatem eaque itaque ipsum rem.\n\nExercitationem qui tempora adipisci delectus deserunt non delectus. Aut sunt est quia voluptas consequatur. Quis sapiente qui nulla distinctio non saepe cumque.',14,1,294,'2025-01-08 16:58:09','2025-01-08 16:58:09'),
(11,'Occaecati facilis a neque esse iure quia libero. Est omnis ex molestiae ut. Quisquam similique ut sequi ad corrupti blanditiis voluptas autem.\n\nCorporis corporis minima eos ab. Et consequatur nobis accusantium ut sed voluptatem ut. Quibusdam veritatis autem et reprehenderit ducimus temporibus. Recusandae ratione cupiditate blanditiis et soluta ea. Quis suscipit laudantium delectus quam repellat voluptates asperiores.\n\nSit quis nobis quis tempora nemo perspiciatis quidem ipsum. Corporis ut velit eligendi accusantium. Eum repellat nam doloribus consequatur eveniet perspiciatis et.\n\nIn exercitationem officia corrupti at est beatae. Voluptates officiis quos est numquam illo unde. Consequatur harum animi magni quibusdam excepturi. Molestias quis et asperiores aut eos in.\n\nCulpa veritatis et temporibus illo. Delectus atque sit et nisi quo nostrum est autem.\n\nVeritatis dolores tempore officiis dolorum atque. Et assumenda eius quia qui voluptatem sapiente. Quos minus quidem dolorem. Fugit qui laboriosam omnis eos.',12,1,541,'2025-01-08 16:58:09','2025-01-08 16:58:09'),
(12,'Non et rerum sit mollitia consequatur. Numquam dolor cupiditate nihil corrupti alias corporis iste. Laboriosam voluptates quae ut quos eum nulla sint. Qui nihil qui nostrum magnam aut voluptas.\n\nDucimus ipsa voluptatum impedit ex corporis ea. Quod quo et vel. Dignissimos est nobis quam vel illo et consectetur. Voluptatibus nihil a quod est a odit atque.\n\nRepellat distinctio eveniet odit aut tempora ipsam. Reprehenderit sit quos est cum animi nobis laborum. Rem sed maiores dolores dolorem consequuntur minus. Quae repellat veritatis non ut quia non est.\n\nEt magni vitae ea vel consectetur. Suscipit porro ad rerum aspernatur perspiciatis unde maiores. Veritatis suscipit ducimus accusantium magnam maiores neque iure.\n\nConsequatur aut est sint laudantium. Aut omnis dolorum ut corporis molestiae ullam. Placeat ipsum accusantium molestias nulla ullam. Repudiandae ducimus ex esse.\n\nConsequatur eius velit enim qui quis. Quia sapiente esse rerum quia.',20,1,163,'2025-01-08 16:58:09','2025-01-08 16:58:09'),
(13,'Est itaque rerum quam. Quas et accusantium eaque nihil. Id sed sit atque suscipit accusamus.\n\nHarum saepe doloremque totam ut. Quo maiores fugiat voluptatum possimus nemo. Quo sit repellat vel id dolores similique.\n\nPerspiciatis tempora error eos doloremque. Esse quibusdam et et quod dicta.\n\nDolor omnis molestiae ratione et et. Libero at quo nisi sequi placeat. Eum consequatur ullam enim sed suscipit qui. Culpa labore eum corrupti quas.\n\nIncidunt recusandae ducimus explicabo labore vel doloremque earum. Dolore occaecati et eum dolorem sunt. Eaque est vitae eum deleniti tempore iste aspernatur. Corporis nostrum illo labore voluptatem.\n\nDolor quo cupiditate quis veritatis molestias rerum est. Et ipsum dolorem omnis nobis odio et repudiandae. Dolore dicta sint ipsum esse. Ut vel est voluptate expedita quam nulla quidem.',10,1,81,'2025-01-08 16:58:09','2025-01-08 16:58:09'),
(14,'Facere est ipsa eum nulla id qui. Facilis rem corrupti reiciendis eos est deserunt officia. Et dolores dolores harum.\n\nArchitecto hic accusantium laudantium magni harum ipsum est excepturi. Accusamus quo architecto vitae delectus rerum est. Enim soluta id error hic. Ut suscipit earum quibusdam sunt laborum.\n\nVoluptatem qui ducimus odit veritatis ad. Id inventore laudantium nobis voluptatum aut alias dolorum. Id consequatur repellendus omnis dolore.\n\nIste accusamus fuga qui nobis. Amet dignissimos magni ipsa facilis maxime. Voluptatem aperiam fuga error libero.\n\nNihil et unde rerum possimus. Sed dignissimos nam possimus sed consequatur exercitationem. Dignissimos atque enim dolorum est quia numquam rerum. Quod qui velit maxime non quia et.\n\nVoluptatem adipisci animi ea incidunt voluptatem ea id molestias. Quod et quo ut est itaque. At eos magnam nihil blanditiis omnis.',12,1,363,'2025-01-08 16:58:09','2025-01-08 16:58:09'),
(15,'Corrupti deserunt iusto voluptas similique accusamus praesentium ut. Quaerat quod quaerat temporibus cupiditate ducimus. Id nemo voluptas quasi laborum. Ut inventore similique deleniti est numquam nam maiores.\n\nUt ea velit fugiat aliquam non dolor. Ipsum optio illo sed autem earum. Voluptas corrupti laboriosam nesciunt est odio mollitia. Mollitia aut delectus odit et et dolore.\n\nUt sit eos quis nemo harum nobis atque exercitationem. Molestiae id fugit molestias molestiae enim suscipit ducimus explicabo. Enim quis eos magnam accusamus ullam deserunt ea. At non repellendus totam ullam odio voluptatibus. Blanditiis iusto rerum ut temporibus adipisci neque.\n\nIllo fugiat unde eveniet dolore reiciendis impedit. Excepturi repellat excepturi corrupti dolor consectetur facilis consequatur. Aut beatae tempore ut dolorem praesentium autem ut. Excepturi nam reiciendis voluptas aut iure aut et.\n\nConsequuntur officiis quibusdam veniam cum placeat voluptate. Consequatur voluptatem blanditiis autem voluptatem est et. Sed ducimus qui vel corporis aut id fugiat.\n\nQuis aut nihil rem a officiis. Et ratione id blanditiis est voluptates.',23,1,192,'2025-01-08 16:58:09','2025-01-08 16:58:09'),
(16,'Ut molestias et minima eos. Provident ratione explicabo libero libero non pariatur.\n\nRatione temporibus qui sit cupiditate sint nobis accusamus. Tenetur adipisci molestias quis dolorem. Ut fuga ducimus sed et. Neque ad quasi incidunt consequatur soluta. Laboriosam iste atque et qui distinctio ab.\n\nMollitia maxime aut voluptate omnis amet aut. In repellat aut pariatur quasi hic. Officiis hic dolorem est quas facere dicta.\n\nAliquid temporibus eligendi aut. Reiciendis nam ea nesciunt sint omnis excepturi. Numquam fuga deserunt dicta accusamus atque tempore voluptas est. Saepe cumque quia dicta qui molestiae architecto dolore.\n\nAperiam inventore dolores amet beatae consequatur. Nisi iusto culpa officiis voluptatem alias ab qui. Quaerat minus repellat velit autem alias minima.\n\nEnim ipsam esse et repellat ea autem. Repellat accusantium totam voluptates praesentium dolores.',18,2,106,'2025-01-08 16:58:09','2025-01-08 16:58:09'),
(17,'Et architecto sequi vitae odit molestiae et. Voluptas atque qui ducimus doloremque dolorem. Rerum et aut quisquam. Vel voluptatem sit quo occaecati molestias aspernatur aliquam.\n\nUllam quasi error expedita qui nostrum corrupti velit. Aut id sint modi ut et ipsa explicabo. Architecto dignissimos error doloremque omnis ut maiores. Fuga est ullam minima illo architecto et consequuntur.\n\nRerum nemo explicabo qui ea cum. Ut eum provident et recusandae delectus quibusdam. Aperiam impedit illum quas quis natus nihil.\n\nDolorem doloremque unde et facilis iure reprehenderit eaque. Dolore est iure natus hic sint. Cum sed quia temporibus nihil autem sunt.\n\nNisi aut excepturi temporibus corporis qui dolores eius. Tempore non est consectetur mollitia quibusdam sit. Et esse quas velit et a.\n\nNemo fugit magnam nemo eum ullam consequatur. Molestiae culpa voluptatibus et exercitationem non similique itaque. Illo optio ut dolorem. Eum autem corporis quis dolor.',18,2,23,'2025-01-08 16:58:09','2025-01-08 16:58:09'),
(18,'Eos quo est temporibus nisi et cupiditate. Dolores debitis et fuga et sequi mollitia. Dolor beatae nihil consectetur magnam.\n\nAutem omnis adipisci ipsa. Reprehenderit quia magnam illum. Minima et commodi atque ipsum dolorum architecto qui.\n\nDolore illo voluptatem omnis est odit tempore aliquam. Molestiae minima optio animi sed accusamus. Quo dolor minima voluptas corrupti optio tenetur excepturi et. Et aspernatur dolore debitis error sint molestiae officia dolorem.\n\nAutem aut id est laudantium suscipit omnis. Culpa tempora sit consequuntur. Officia nobis minus cumque voluptas a.\n\nEst eius et fugit sit natus recusandae consequatur quos. Officia eligendi in tenetur. Molestias officia non et sit.\n\nVelit molestiae praesentium quam quia omnis. Sunt minima sunt tenetur aspernatur facilis dicta. Qui dolor velit possimus rerum dolor sed. Odit corrupti dolore quia est aut consequatur.',4,2,85,'2025-01-08 16:58:09','2025-01-08 16:58:09'),
(19,'Architecto alias saepe et. Doloremque aut exercitationem molestiae corporis odit. Iure velit ipsa harum rerum nam nihil provident. Qui et delectus molestiae et veritatis et harum.\n\nDolores ullam quasi sequi tempore qui deleniti rem. Dolorem quasi praesentium non perspiciatis itaque molestiae. Temporibus exercitationem ad molestiae ipsum ut. Ullam vel nihil non alias enim voluptatum non sit.\n\nRepudiandae quia natus consequatur. Beatae excepturi eveniet eum fugit est sunt. Dolorem quia facilis explicabo laborum quos.\n\nId dignissimos a et in consectetur. Commodi enim veritatis aut reiciendis inventore natus. Debitis voluptates accusantium est vero velit. Rerum sint voluptatem harum cumque quia ea.\n\nIpsa natus numquam repellat voluptas ea tempore. Ex aut ad autem sed qui sunt omnis omnis. Ea aut molestias similique et autem esse mollitia.\n\nFugiat eos debitis laboriosam fugiat atque doloribus recusandae. Et harum et odit sunt.',14,1,456,'2025-01-08 16:58:09','2025-01-08 16:58:09'),
(20,'Excepturi suscipit minus molestiae consequuntur ratione. Illum blanditiis at exercitationem qui id alias. Veniam aspernatur commodi nesciunt repellendus voluptas quibusdam eum tempore.\n\nInventore eligendi pariatur numquam nihil. Quaerat sit quidem placeat aut sint aperiam sunt. Aut ut vel porro.\n\nVitae non est quaerat eaque. Provident deleniti non atque quam perferendis debitis est. Eligendi consequatur aperiam doloremque velit provident non.\n\nVoluptas facilis possimus dolores non quis sed. Aut sint sint in porro. Amet tempore quibusdam officiis molestiae ut.\n\nDebitis velit fuga veritatis natus fuga quo. Non alias nesciunt unde illum voluptatem voluptatem. Dolor blanditiis repellendus maiores sequi illum.\n\nId error culpa libero eum excepturi. Illum quam pariatur repudiandae voluptatem id. Quae ut facilis non similique est nisi eum est.',25,1,241,'2025-01-08 16:58:09','2025-01-08 16:58:09'),
(21,'Distinctio eos adipisci et eaque. Est tenetur dicta consequatur molestiae rem. Qui voluptatem dolores rerum quis dignissimos error molestiae. Magnam qui quae quo repellat voluptate.\n\nRem odio eius consequatur est facere sit. Et sapiente doloribus consequatur ratione dolorum iusto voluptate. Asperiores voluptates aut magni ut quisquam qui odit repellendus. Quasi rerum officiis fugit consequatur atque laboriosam.\n\nQuia nostrum quam unde qui. Delectus ipsam ut ea quas minus. Veritatis praesentium veniam non impedit dolor consectetur est. Ipsum et consequatur labore dolor corporis amet omnis.\n\nAsperiores assumenda labore earum eum placeat consequatur eveniet. Eum voluptatem optio animi esse molestiae. Quos voluptatem et asperiores aut voluptatem. Voluptatem asperiores corporis facilis sint optio. Alias iure voluptas nihil doloribus temporibus minima et.\n\nRatione qui nemo iure explicabo molestiae quia quaerat. Nisi ut sed maiores repellat nemo et totam. Sunt reiciendis excepturi iusto eum animi natus.\n\nVoluptatem vitae in et porro. Ab aut deleniti a et vel consectetur. Nihil eius voluptas tenetur occaecati. Soluta nam non impedit odio placeat laudantium provident. Non maxime saepe aut sed eum et error.',10,2,141,'2025-01-08 16:58:09','2025-01-08 16:58:09'),
(22,'Eveniet neque deserunt veniam aut. Earum expedita voluptatem error. A porro id facilis molestiae.\n\nPraesentium qui quia qui atque sapiente ullam et illo. Placeat quis voluptates id. At amet molestias voluptas modi quia voluptatem.\n\nOccaecati in dolores atque soluta expedita. Culpa laudantium fugit odio quia nihil optio. Libero assumenda nisi accusantium. Et est dolore fuga eum architecto ut. Ut tenetur nobis fugiat quia ab.\n\nTenetur et sunt ut aut dolorem. Dolor aut laudantium rerum ipsum. Eaque assumenda non in et. Excepturi quis quod voluptatum dolor recusandae facere.\n\nSint nemo officia atque. Eligendi amet saepe soluta doloribus deleniti est. Molestiae quia cum corrupti quo est est dolorum fuga. Quo pariatur nulla asperiores repellendus.\n\nCulpa repellendus ad deserunt molestias ipsum debitis qui. Ut et nobis maxime reprehenderit accusamus. Repellendus reprehenderit maxime at nam amet modi. Vel officiis provident accusamus.',1,2,125,'2025-01-08 16:58:09','2025-01-08 16:58:09'),
(23,'Nemo illo nisi numquam alias porro. Veritatis et sit aut quis voluptates molestias aut. Iusto ex ex sit sit molestias similique rerum. Esse laudantium maxime dolorum eligendi.\n\nRem suscipit autem non sed tempora vitae. Voluptatibus minima accusamus quibusdam reiciendis vero beatae saepe. Consequatur provident rem id voluptatum et omnis.\n\nVeritatis reiciendis nisi esse cumque voluptate iste sit. Qui aut iste nulla libero eos repellendus odit. Rem assumenda ea deleniti ut aut.\n\nSed eveniet distinctio dolorum dignissimos sint culpa. Reiciendis et enim ratione corporis non. Nihil sit voluptate sequi. Quae culpa aperiam consequatur ut.\n\nIpsam ea aut cum aut eos ut. Sed minima quia ex est. At laudantium aut sit molestias.\n\nQui facere ut facere eum. In pariatur qui nobis cum autem. Consectetur incidunt ea quidem voluptatem sint. Alias earum cum aperiam et sint qui aut earum.',1,1,25,'2025-01-08 16:58:09','2025-01-08 16:58:09'),
(24,'Consectetur adipisci laudantium aut aspernatur ut. Sunt soluta dolor qui pariatur explicabo consequuntur quidem. Ipsa itaque aperiam et sed. Quas quod in voluptate dicta voluptatum.\n\nUt dolores provident accusantium autem voluptate et odio. Omnis dolor neque natus et est. Ut voluptate labore ea voluptatem iure eveniet. Molestiae sed id est maiores consequatur deserunt. Facilis sed sint magnam id quis veritatis consequatur.\n\nAut dolorem rerum incidunt est libero animi sunt. Labore in quos reprehenderit quibusdam laboriosam odio. Nostrum qui rerum veniam perspiciatis. Autem quam molestiae aperiam corporis quo sequi. Ab beatae ipsam fugiat ducimus.\n\nMolestias dolor soluta vitae soluta nobis iste nam quibusdam. Perspiciatis sed fugiat recusandae placeat aut maiores odit. Labore earum blanditiis neque ipsum. Praesentium quo nesciunt nesciunt ullam id.\n\nHarum sit quibusdam ea in maiores aspernatur tenetur. Id et molestiae at sit quo.\n\nSed rerum in quidem soluta. Ea eaque ipsam quis doloremque et aperiam in. Et omnis at maiores aut tempore.',20,1,56,'2025-01-08 16:58:09','2025-01-08 16:58:09'),
(25,'Inventore deleniti harum a nisi. Est porro recusandae perspiciatis eum dicta sit ut. Iusto quaerat impedit molestias. Est quis enim iure molestiae.\n\nMinima impedit est iure neque libero. Eligendi ipsam magnam error voluptatem atque asperiores exercitationem quaerat. Maiores quidem ut accusantium provident voluptatem alias. Accusantium cupiditate unde magnam iste accusamus dignissimos quidem.\n\nIn quia consectetur sint a beatae. Autem est rem repellendus tempore fugit assumenda nihil itaque. Quas dolor ex quidem illo.\n\nNeque rem dolorem non delectus. Libero molestiae repellendus sapiente laboriosam officiis ad. Nisi ea voluptate illo qui nulla autem doloremque aliquam. Asperiores quas pariatur iste commodi neque fugit.\n\nEx magnam unde libero corporis qui temporibus odit. Id aut quaerat beatae autem. Rerum id dolores in unde possimus explicabo.\n\nOmnis sint omnis officia recusandae. Iste enim dolor et omnis sapiente velit laudantium. Fugiat officiis laudantium natus temporibus. Fugiat culpa iste assumenda quo similique et dolorum porro. Eligendi expedita dolorum odit ipsam laudantium deleniti.',19,2,239,'2025-01-08 16:58:09','2025-01-08 16:58:09'),
(26,'Ea sint quo cumque natus culpa sed. Magnam magni beatae voluptas excepturi nihil laborum error doloremque. Iusto asperiores ex placeat rerum. Aut ipsum iusto et placeat voluptatibus ipsa.\n\nAutem iusto sed nemo ratione quo ab ipsam sunt. Quidem repellendus quis veniam culpa. Qui aut nihil ipsum architecto. Esse numquam veritatis et.\n\nOmnis ipsum molestiae voluptatem qui sed. Eligendi aut sunt quo adipisci. Sed facere incidunt error dolor. Officia voluptas velit est inventore delectus et dolor. Consectetur nesciunt ad dolores perspiciatis id quis incidunt.\n\nOccaecati culpa est rem porro consectetur molestias. Distinctio sed adipisci rerum voluptas eaque sed nihil. Culpa animi nihil cumque veniam enim aut. Et veritatis aliquam quisquam quae consequuntur sed ab et.\n\nDolorem alias sunt quam aut qui sed perferendis. Quae repellendus tempore commodi corporis est cum. Qui veritatis ipsum deserunt iste recusandae error laudantium pariatur. Laborum qui illum quibusdam qui. Magni molestiae occaecati dolor excepturi.\n\nQuasi ut rerum neque id accusamus enim. Voluptatum quas et ut voluptas. Consequatur esse aut qui eos. Quibusdam nulla explicabo suscipit esse temporibus. Maiores sit eos dolor aliquam fugiat.',24,2,204,'2025-01-08 16:58:09','2025-01-08 16:58:09'),
(27,'Corporis dolor ea inventore nisi aperiam aut numquam. Non nam non sed perspiciatis tempore numquam ut. Aperiam fugiat dicta laborum neque. Omnis aut doloribus maxime mollitia aut qui dolor.\n\nIpsum nemo provident sunt fugiat error aliquid. Non repudiandae repellendus voluptatem et amet. A dolorem eveniet voluptatum neque reprehenderit. Quod doloribus eos incidunt beatae.\n\nTemporibus animi laboriosam accusantium ab qui. Blanditiis deleniti et dolorem sunt. Et ullam dolorum exercitationem ipsa facere nostrum.\n\nRatione voluptatem labore perspiciatis reiciendis iusto dignissimos vero modi. Eos repudiandae est corporis. Ut perferendis qui est veniam voluptas dolorem voluptatem voluptatibus. Sed illum voluptas nihil placeat nobis ea.\n\nQuae voluptas nisi quidem ullam praesentium repellendus soluta consectetur. Dolorum ut et numquam eius. Nihil iusto enim soluta quae natus suscipit. Consequatur nemo facere ad et voluptatum molestiae.\n\nEarum occaecati nam voluptas aut nobis et ipsam. Et labore repudiandae molestiae sed aut est reprehenderit. Facere minima qui tempora itaque facilis rerum voluptatem quia. Quia et sed assumenda vitae.',12,2,70,'2025-01-08 16:58:09','2025-01-08 16:58:09'),
(28,'Blanditiis qui eos saepe qui qui ut vel. Nam laudantium voluptatum ut. Maiores optio autem sunt eos ut fuga laboriosam. Illo laborum perferendis laudantium adipisci sit aut.\n\nNon molestiae ut laborum vitae ea. Est deserunt eveniet quia saepe eos eaque nostrum.\n\nQuia earum beatae quos porro. Quis deserunt quidem debitis distinctio distinctio facere molestiae aut. Ipsam ab laboriosam non delectus.\n\nVoluptatum repudiandae recusandae dolore sit numquam. Vero voluptatem non a dolore sint. Aliquid adipisci magni aspernatur ut quasi doloribus ut.\n\nCommodi at dignissimos sunt soluta ea. Provident dolores quidem aut cumque blanditiis laudantium odio ut. Quia ut quam rerum et illum.\n\nAb vero ad officia. Ex illo natus eum. Ea sint atque tenetur deserunt.',24,1,104,'2025-01-08 16:58:09','2025-01-08 16:58:09'),
(29,'Facilis quia hic est ipsum illo qui aut. Enim eveniet accusantium qui itaque. Qui sint perspiciatis sapiente sunt velit. Dignissimos dignissimos fugit itaque rerum hic. Et ullam in voluptate.\n\nDolore voluptatem dolorum nisi placeat. Beatae recusandae reiciendis et est dolor non. Quia quidem velit et molestiae nam et optio. Sit consequatur voluptatem delectus quos consequatur eligendi.\n\nMaxime repellendus doloremque unde sed consequatur dolorem quia voluptatem. Incidunt numquam illo nulla et. Non possimus explicabo labore qui. Sequi at minima totam eveniet.\n\nQuasi fugiat adipisci voluptatem velit quia et. Et delectus omnis sint dolorem consequatur. Nisi vero ea impedit perferendis voluptates. Et nam fugiat esse nesciunt aut assumenda quia.\n\nNihil enim voluptas labore aut accusamus in. Aut molestias perspiciatis necessitatibus ut quia sit. Doloremque culpa eum eveniet et. Asperiores omnis aut libero.\n\nProvident esse expedita et. Esse quia officiis at sequi quia omnis harum. Ea non non laboriosam qui eos accusamus voluptas culpa. Dolorem minima ea eos aut a quo et.',2,1,559,'2025-01-08 16:58:09','2025-01-08 16:58:09'),
(30,'Eos accusantium et molestiae optio laborum et. Ullam est voluptas deserunt ut. Rerum quo quam aspernatur quaerat. Ut sequi officia perspiciatis velit magni velit enim.\n\nUt deleniti amet sunt qui eum cumque libero. Expedita velit aut tenetur vel. Sint et nihil et rerum temporibus nisi.\n\nLaboriosam fuga earum dolorem voluptates nobis qui recusandae earum. Velit eos ullam magni quibusdam similique. Numquam tempore expedita sed quo quidem. Aut quod vero consectetur a.\n\nFuga perspiciatis itaque odio non dolorem. Maxime corporis fugiat magnam ea natus deleniti. Ut dolor sunt tenetur commodi dignissimos non aliquid quisquam.\n\nRepellat porro laborum officia repellat cumque. Sint qui quo dolor hic velit. Et dolore molestiae vitae dolore inventore molestiae. Harum esse perspiciatis ratione voluptas maxime error repellendus quaerat.\n\nDeserunt perferendis aut modi in eaque. Dolorem quaerat adipisci quod nulla ut quisquam. Quia ducimus quia recusandae omnis sunt dignissimos iste.',20,1,579,'2025-01-08 16:58:09','2025-01-08 16:58:09'),
(31,'Est hic quasi cum omnis reprehenderit. Harum sunt distinctio fugiat ut.\n\nQuasi dolorum eius suscipit officiis delectus dolorum. Et in aut est rerum id laborum. Facilis quo ut sit eum saepe.\n\nExplicabo nobis adipisci quia voluptate sed. Vero eos officia sit. Id incidunt aut deleniti et et quasi vel ut. Et labore magnam voluptas dolorum et.\n\nIllo quod soluta vero ipsam odit voluptatem. Sequi recusandae excepturi omnis et aut iusto earum.\n\nIure eligendi aut inventore dolor. Deleniti quidem dolorem iusto nam asperiores. Deserunt ea sunt sint aut. Qui laborum hic perspiciatis dolor perferendis. Quas quod veritatis voluptates vitae.\n\nCorrupti rerum cum eligendi omnis. Quam alias explicabo reiciendis fugiat neque laboriosam. Molestiae rerum expedita suscipit dolore ducimus molestias vitae.',14,1,34,'2025-01-08 16:58:09','2025-01-08 16:58:09'),
(32,'Sit perferendis dolor ut minima. Vel modi voluptatibus cupiditate incidunt qui qui. Natus neque est qui nobis non. Qui corrupti iste accusamus numquam.\n\nAccusamus culpa natus sit sed. Qui pariatur asperiores tempora ipsum recusandae voluptatem. Eos hic voluptatem praesentium. Distinctio ab autem aspernatur aut aut pariatur et.\n\nRem deserunt cum vitae non. Consectetur ratione ipsam libero. Atque consequatur doloremque sequi ea ipsum consequatur eligendi.\n\nNostrum velit saepe explicabo nobis earum unde. Amet et vel dolorum ducimus eveniet consequatur. Aperiam doloribus modi dolores sit porro asperiores voluptatum. Ad id velit ex dolore non qui sed. Ratione est qui rerum.\n\nQui atque vel eos tempore minus. Non porro omnis consequuntur omnis excepturi. Omnis iusto cum sunt officiis delectus similique qui. Enim debitis ratione voluptatem ipsum odit.\n\nAut error aut qui asperiores. Aut rerum labore quis nulla. Velit quasi officia repudiandae perspiciatis quia autem. Repudiandae voluptas et et aut sint.',22,2,9,'2025-01-08 16:58:09','2025-01-08 16:58:09'),
(33,'Hic laboriosam iste cumque doloribus. Nisi eveniet ipsa similique nesciunt. Eum ad vel voluptatem dolorum. Molestias aut dolorum dolorem debitis occaecati et velit asperiores.\n\nQuidem perspiciatis recusandae voluptatem reiciendis. Assumenda et eveniet explicabo ex facilis aut.\n\nRecusandae dolores dolorem voluptatem excepturi reiciendis sequi laboriosam optio. Provident et nostrum eligendi dolores tempore. Necessitatibus pariatur aut quo accusantium perspiciatis corrupti velit rerum.\n\nEt aut enim est alias repellat sed. Consequatur omnis qui est nostrum. Tenetur ut veniam quo nam aliquid. Voluptatem velit ipsum iste mollitia praesentium.\n\nMollitia sequi error quia blanditiis odit. Est aliquam unde molestias soluta aliquid autem incidunt enim. Voluptatibus mollitia unde a vitae reprehenderit et. Aut eaque laborum vel omnis est accusamus beatae.\n\nCulpa rerum maxime dolores rem nostrum placeat aliquid. Aut et sed quasi suscipit dolor omnis. Accusamus cupiditate atque nisi iste atque eveniet.',4,2,28,'2025-01-08 16:58:09','2025-01-08 16:58:09'),
(34,'Ut in accusamus animi sint qui. Architecto molestias nisi quam officiis. Ducimus natus iste sit iure. Excepturi doloremque nihil non aliquid velit.\n\nIpsum impedit autem temporibus totam eum. Cumque non voluptatem quam eos vitae asperiores. Alias dolorem dolores ex dignissimos rerum praesentium.\n\nOmnis facilis cum repellendus. Quibusdam id culpa tenetur veritatis. Exercitationem sint similique animi nisi.\n\nQuasi quibusdam veritatis et mollitia. Rerum non voluptatem laborum harum quibusdam numquam necessitatibus. Autem asperiores voluptatem ut nostrum repellat sapiente. Doloremque dignissimos inventore ipsam nulla odit architecto. Voluptas qui inventore nobis nemo aut esse et.\n\nEligendi numquam alias id dignissimos delectus inventore. Quod dicta dolores sed fugit impedit et. Ea totam sed impedit dolores asperiores nemo libero assumenda. Hic possimus quia maxime possimus.\n\nIn aut eligendi doloribus voluptates dicta voluptatem officiis. Praesentium et quis reprehenderit ad quia dicta a. Beatae adipisci tempora facere porro.',5,2,547,'2025-01-08 16:58:09','2025-01-08 16:58:09'),
(35,'Error labore voluptas molestias voluptatem saepe dolores. Est et tenetur eos molestiae. Quasi et error et deserunt.\n\nQui sed deserunt voluptate eos accusamus temporibus. Culpa reprehenderit earum voluptatem.\n\nEst nisi deleniti in aut. Sit et est dolorem facilis atque ullam. Doloribus ducimus laborum et dolores et dicta officiis. Ea et magnam occaecati aut corporis sapiente exercitationem.\n\nTotam ullam et illum nulla aut. Et eos qui sit ea delectus. Itaque architecto iusto praesentium rem culpa. Et repellendus consequuntur natus iste voluptates ut repellendus.\n\nEos qui quam fugiat quis alias perferendis. Velit voluptate itaque alias atque. Dolore aliquid sed quod quia qui aut natus. Quod porro quaerat eos itaque. Dolores quae accusantium eos sit et tempora ut.\n\nHic qui eveniet aut dignissimos. Veniam et voluptatem doloribus illum. Provident praesentium amet eveniet possimus. Tempore non doloremque ut quibusdam atque est ab.',2,1,382,'2025-01-08 16:58:09','2025-01-08 16:58:09'),
(36,'Qui nihil sint explicabo voluptatem voluptate. Earum tenetur magni pariatur assumenda. Eos magni autem enim. Non est quas eaque saepe.\n\nVoluptas non non quis repellendus veniam. Aliquam dignissimos natus minima dolor quia. Ullam harum enim quia vero. Numquam ad qui expedita optio.\n\nVero omnis libero et excepturi modi accusantium. Hic saepe vitae enim dolore quia ea voluptas. Quaerat ut eius velit atque unde. Impedit facere enim voluptatum saepe laudantium ut asperiores dolor.\n\nNumquam quo odio pariatur veniam aut. Reprehenderit consectetur cupiditate provident voluptatem veniam. Ipsam et totam sed odio.\n\nPraesentium quidem cum et veritatis. Sit nam qui rerum hic corrupti. Qui et qui voluptatem commodi dicta adipisci velit. Nihil sed unde cum enim.\n\nHic quaerat reiciendis nulla ex voluptas odio. Aperiam est qui hic ut aut. Voluptas tempore soluta consequuntur repudiandae natus optio nam.',16,1,64,'2025-01-08 16:58:09','2025-01-08 16:58:09'),
(37,'Et et temporibus sit at. Esse eos consequatur consequuntur aperiam error est dignissimos.\n\nMagnam error rerum odio corrupti dicta consectetur. Corporis voluptatum repellendus adipisci voluptas. Eos aliquam animi sint voluptatem hic.\n\nRem reiciendis et aut magnam cum ab. Ipsam dolorum magnam numquam. Enim ullam minus fugit reiciendis similique quidem quis.\n\nQuia dicta esse et incidunt facere officia enim. Autem placeat voluptatem quisquam laboriosam sint illum libero. Exercitationem provident sit voluptate necessitatibus labore et amet. Consectetur temporibus asperiores odio rerum.\n\nRepellat dicta dignissimos nam consequatur autem quia qui inventore. Sed harum debitis aut voluptatum itaque aut nemo sed. Quibusdam illo quia voluptatem. In et rerum a impedit ea placeat. A qui adipisci blanditiis rerum.\n\nQuas numquam adipisci labore iure natus. Dolore tenetur non voluptatum autem. Explicabo quia ab fugit explicabo. Nulla vel aut et.',25,1,223,'2025-01-08 16:58:09','2025-01-08 16:58:09'),
(38,'Voluptates odio harum aut est sint totam. Sequi maxime dolor et dolores ad veritatis. Amet accusamus nihil voluptatem dolorem et fugiat iusto impedit.\n\nVoluptates at voluptas ea. Quibusdam quia laudantium quae nemo et inventore. Facere corrupti labore officia hic et dolore dicta et.\n\nExcepturi iusto ab et quia unde. Omnis ut nobis expedita et tenetur. Voluptas voluptatem quo eos doloremque et.\n\nExercitationem aut enim saepe nobis veniam consequatur sapiente quis. Aliquam porro rem deleniti minima. Eum inventore sed ad vitae cum.\n\nIncidunt est consequuntur neque omnis distinctio qui a. Ut ex voluptatem explicabo rerum similique sed laborum. Deserunt sapiente vero porro voluptatibus quae voluptates aperiam.\n\nConsequatur omnis aliquam quia debitis accusamus iste. Eaque veritatis atque perferendis tempora est. Enim consequatur accusamus et quisquam amet.',19,1,373,'2025-01-08 16:58:09','2025-01-08 16:58:09'),
(39,'Sint vel aspernatur fugiat facere sunt dolores accusamus. Saepe aut doloremque non nemo. Quaerat asperiores aut et est id dolor. Nobis iste possimus suscipit consequuntur id.\n\nInventore ipsam rerum voluptatem rerum. Consequatur laborum aut quod repellat pariatur. Eum recusandae aut magnam in vel. Reiciendis molestiae voluptate veritatis sint sequi.\n\nUt quas et doloribus. Molestiae inventore aspernatur esse dicta assumenda laudantium aut architecto. Sed quod perferendis a reiciendis sit sequi hic. Ut distinctio animi labore odio nulla voluptas.\n\nPlaceat qui esse tempore esse. Voluptas voluptate reiciendis fuga maxime reiciendis aut. Omnis esse in voluptatem ex alias rerum quia quis.\n\nEst nesciunt voluptate veritatis nostrum. Sit perferendis ducimus occaecati. Iure dolorem dicta quia nam.\n\nAutem est doloribus quod autem magnam. Voluptate nihil in ab. Eum quis cumque vitae et numquam autem.',6,2,435,'2025-01-08 16:58:09','2025-01-08 16:58:09'),
(40,'Eos asperiores quis est voluptatem sit provident. Sunt numquam dignissimos est facere similique laudantium suscipit. Suscipit tempora omnis ut amet quis repellendus possimus. Cumque adipisci occaecati aliquid.\n\nAutem praesentium id animi est illo et dolores. Quas sit omnis cumque eum sed autem aperiam et. Atque et alias dolores sed et alias.\n\nVoluptatibus dolore quibusdam placeat itaque aut velit. Iusto eos unde delectus exercitationem. Pariatur quidem omnis commodi minima sit blanditiis ipsa est. Voluptatibus omnis numquam autem quae.\n\nNihil vitae eum ut harum sed dolorem. Et autem quia saepe voluptas nesciunt aliquid. Consequatur dolor iure explicabo reprehenderit veritatis sit.\n\nUt rerum aliquam eius quis alias excepturi animi. Aut eaque nulla quam id molestiae voluptate voluptatem. Soluta numquam rerum quidem nisi voluptatem temporibus. Dolores laboriosam inventore impedit iure rerum eos ullam.\n\nLaboriosam voluptas molestiae eum earum tenetur quam. Et sint voluptatem rem. Explicabo qui aut et sint veniam. Repellendus in rerum a.',12,2,335,'2025-01-08 16:58:09','2025-01-08 16:58:09'),
(41,'Odit qui commodi officia dolor nihil. Cupiditate dicta itaque alias voluptas qui harum tenetur sit. Rem quibusdam voluptas consequatur. Eius quia tempore minima. Omnis illum vel accusantium excepturi hic expedita dignissimos.\n\nEveniet voluptatibus aut est doloremque non. Alias voluptatem commodi dolorem. Iste quos dolorum unde ipsa dolore enim nihil. Nisi voluptatum unde iste saepe.\n\nAsperiores reiciendis error inventore minus blanditiis aut dignissimos. Tempore fuga quia ipsam veritatis. Pariatur distinctio cupiditate sequi quia ullam qui libero. Error nam ut ipsam autem quis reprehenderit.\n\nAssumenda tenetur omnis voluptatem reiciendis adipisci pariatur. Culpa quaerat est quia. Ut sapiente rerum quibusdam iste fuga totam.\n\nVeritatis ea inventore quasi temporibus facere. Delectus est asperiores eaque.\n\nNulla ipsum ad cupiditate illum quasi. Laborum et laudantium similique ut quia voluptate molestiae. Accusamus eius et totam molestias. Velit molestias facere eligendi cumque eos et impedit. Eum soluta assumenda quas libero architecto.',20,1,68,'2025-01-08 16:58:09','2025-01-08 16:58:09'),
(42,'Laudantium voluptas delectus dolores consequatur dolores. Magnam eius dolores nostrum repellat. Vitae et aliquid beatae sapiente tempore.\n\nExcepturi vel sunt odio ab enim consequatur omnis. Ea dolore ducimus quibusdam praesentium fugit eaque voluptatem. Laboriosam ipsa et excepturi repudiandae nihil mollitia. Deleniti debitis fugiat sed iste.\n\nSunt magni et magni iusto facere distinctio exercitationem. Aut ipsa exercitationem mollitia nihil sunt vel consequatur dicta. Tempora et quae sint commodi distinctio consequatur repellat. Et quae quas et.\n\nLabore dolorum cumque nesciunt exercitationem quis eligendi sit. Et sint at omnis. Consequuntur impedit fugit et quaerat nesciunt natus molestiae sed.\n\nQui ex deleniti odit provident sit velit debitis. Id nesciunt vitae iure incidunt. Ut maxime consequatur reiciendis aut quis atque. Architecto magni et quia deserunt.\n\nQuia est ut deleniti voluptas sunt quod magnam. Animi nisi culpa quae facilis autem. Velit quos est itaque soluta voluptatibus.',21,1,55,'2025-01-08 16:58:09','2025-01-08 16:58:09'),
(43,'Et voluptas fugiat eos animi. Inventore sit ad excepturi sint. Architecto sed iure autem quo voluptas et sed.\n\nDolore quam quae et odit voluptatem beatae porro animi. Sed est repellat pariatur et aut maxime. Aut tempora exercitationem est consequatur.\n\nQuas dicta dolores iusto et sint. Aut consequatur quis atque sit eligendi. Numquam temporibus doloremque expedita.\n\nDolor veniam omnis aliquid veniam optio nam. Velit et et dolores natus quia voluptate sunt quis. Nostrum magnam commodi beatae sequi facilis perferendis.\n\nMagni aperiam voluptates ad delectus labore. Et reiciendis illum eaque aut eos excepturi porro.\n\nAut consequatur quasi molestias quis. Ipsam consectetur dignissimos numquam quam qui ut. Vel eum non officiis dicta quo ea soluta laborum. Est quia provident laudantium dolorem perferendis velit ea.',3,1,258,'2025-01-08 16:58:09','2025-01-08 16:58:09'),
(44,'Repellat asperiores pariatur delectus asperiores consectetur. Commodi vel necessitatibus omnis vitae quia beatae fugiat. Aut qui nesciunt quisquam corrupti. Sed non et totam cupiditate repellat cupiditate exercitationem et. Sapiente est et est aut quos molestiae.\n\nNobis fuga impedit aliquid consequatur aut. Sit et praesentium et minima dolores distinctio. Explicabo et odio officiis exercitationem ab dolorem et explicabo. Repellendus error qui error a et eum ut.\n\nAmet eos veritatis exercitationem velit tempora. Officia ut error eius porro atque quaerat. Et temporibus ut quisquam impedit velit consectetur.\n\nDolor est dolores architecto dolor rerum. Aspernatur eos et sit voluptates similique consequuntur. Accusamus modi sit ex eum ipsam voluptatem rem quam. Natus aut minima laudantium quae est dicta officiis.\n\nInventore est non eum et. Excepturi reiciendis ipsa laboriosam provident. Sit ipsum reprehenderit illo consequatur. Ut blanditiis praesentium aliquid molestiae sint. Est quod ea sequi dignissimos.\n\nFugit deserunt iste aliquid repellendus rerum natus consequatur voluptas. Rem quia non ipsum impedit soluta ut.',14,2,187,'2025-01-08 16:58:09','2025-01-08 16:58:09'),
(45,'Aut aut possimus consectetur assumenda minus. Sed accusamus recusandae minima sed. Ducimus labore aut voluptas fugit sit excepturi accusamus. Officiis necessitatibus optio accusantium vero nostrum nam nesciunt.\n\nEst officiis maxime ut quia tempora. Tempore dolores ea non et voluptatem aut. Enim possimus qui sint suscipit.\n\nQui iusto consequatur aut laborum maiores voluptate fugiat ipsa. Ut et molestias eligendi ab. Sit quas veritatis pariatur rem temporibus modi tenetur. Velit commodi pariatur tempore deserunt enim voluptatem doloremque. Maiores sunt voluptas debitis facilis non distinctio delectus.\n\nUt in animi dolores voluptatem ea architecto. At quos fugiat rerum natus. Voluptas deleniti nulla sed sit ut. Voluptatibus officiis est nobis sed voluptas.\n\nAssumenda omnis vel fugiat. Eos nihil voluptas voluptas delectus sed incidunt. Vel quidem sunt illum impedit. Omnis sint porro maxime culpa eos.\n\nQuae ratione sapiente nobis odio aut est. Est similique reprehenderit reprehenderit fuga quia corporis occaecati molestiae. Omnis doloribus ut et. Ut aliquid omnis est quibusdam nihil. Sequi reiciendis quod facere explicabo voluptatem adipisci excepturi.',2,1,56,'2025-01-08 16:58:09','2025-01-08 16:58:09'),
(46,'Repudiandae sint vitae sit a et est. Autem cumque esse dolor dolore et sint magnam eaque. Quia est dicta sed laborum adipisci ad. Veritatis aut assumenda ea harum earum aliquam.\n\nNostrum et libero quia numquam voluptatem deleniti blanditiis. Ab id maxime optio minus eum aut ex ratione. Nostrum voluptatem in eius culpa in ut.\n\nAperiam occaecati accusantium facilis non sit placeat facere eligendi. Veritatis eveniet qui omnis aliquid blanditiis delectus adipisci. Aspernatur officia dignissimos nobis hic. Ex nesciunt est amet et quas sunt earum facilis.\n\nQuo in sit magnam accusamus laboriosam dolorem quaerat vel. Ducimus et et quaerat soluta. Omnis voluptatibus voluptatem enim qui qui.\n\nSed vel maxime sed. Id a eos est reiciendis fuga qui. Vero minima expedita repudiandae. Et omnis ea aliquid illum cumque sed beatae velit. Et corrupti aspernatur earum unde.\n\nMolestiae est et fugit reprehenderit. Unde quam velit facilis. Sunt quos nostrum nesciunt vel.',9,2,318,'2025-01-08 16:58:09','2025-01-08 16:58:09'),
(47,'Accusamus quia qui exercitationem autem et. Consectetur aut nobis maxime quam qui fugit. Eos ea magnam hic et voluptas culpa. Qui ut enim tenetur magnam enim.\n\nTemporibus totam aliquam ad. Ut ducimus unde dolorem eum qui sit. Consequatur et molestiae quia culpa sunt beatae ipsa. Perferendis cumque ut voluptas et.\n\nAut animi autem mollitia sit maiores explicabo. At qui amet ea accusamus consequuntur. Consectetur et ut sunt possimus. Ex quis enim nam voluptatibus veritatis et qui.\n\nEa beatae corporis consectetur commodi vitae modi aut. Odio dolorem dolores fugiat fugiat sit.\n\nRem voluptate soluta magnam. Non numquam voluptas voluptatem labore facilis molestiae. Nihil et illum saepe et et. Quibusdam neque voluptas quibusdam sed perspiciatis qui enim.\n\nAsperiores ratione esse voluptatem quos veritatis delectus placeat. Saepe ut qui ratione qui a. Deserunt atque earum consequatur cum consequatur nobis rem. Et incidunt consequatur atque.',19,1,30,'2025-01-08 16:58:09','2025-01-08 16:58:09'),
(48,'Nihil odio voluptate ipsum sit et consectetur deserunt. Et at aliquid et. Laborum sed in velit non vel ut cupiditate. Sunt rerum omnis ipsam sapiente.\n\nId vel debitis officia non eveniet rerum magnam harum. Quod corporis velit consequuntur a perferendis. Maiores dolor nostrum placeat quisquam similique quo quisquam.\n\nVoluptatem maiores ut non omnis officiis accusantium. Natus ad voluptas sunt quia. Voluptates omnis sunt et dolores dolorem cum.\n\nNeque consequatur qui maxime ipsam. Eos ratione dignissimos minima atque quod. Culpa optio eos qui voluptates. Reprehenderit consequuntur est ut praesentium sunt totam minima possimus.\n\nAdipisci cumque illo atque. Et vitae reiciendis odio officia sunt vitae. Magnam non voluptas repellendus odit doloremque ullam labore.\n\nNihil ducimus sunt necessitatibus dolor eum nam ut. Voluptas sunt beatae et sunt vero eum. Adipisci reprehenderit qui earum. Minus ea itaque fuga quibusdam quia.',8,2,332,'2025-01-08 16:58:09','2025-01-08 16:58:09'),
(49,'Atque et ipsa quis ducimus. In dolore dolor maiores. Totam ea maxime nam voluptatem earum quos nam.\n\nReprehenderit ipsum consequuntur et mollitia voluptas maiores molestiae. Qui iure molestiae et beatae vel. Excepturi pariatur qui eligendi quia.\n\nIncidunt quibusdam rem porro sit incidunt eum. Doloribus nemo veritatis consequatur. Et in architecto amet molestiae ullam sunt commodi voluptas.\n\nAd maxime pariatur sit quia praesentium tempore voluptate. Odio saepe qui repudiandae aut. Est quidem minima dignissimos pariatur repellat temporibus provident. Assumenda aliquid amet aut eveniet.\n\nTotam optio optio quod at distinctio dolores qui. Quo saepe quidem assumenda omnis quibusdam iste. Sint aut ut magnam sint pariatur illo. Tempore quisquam non iste ea magnam quasi beatae.\n\nVoluptatem repellat porro consequuntur aut. Voluptatem ut qui ut quia id possimus commodi. Itaque in dicta autem vitae consequuntur eligendi.',22,2,445,'2025-01-08 16:58:09','2025-01-08 16:58:09'),
(50,'Distinctio quis eos voluptatem accusantium magnam explicabo molestiae. Et in magnam id deserunt eaque. Et illum repellendus blanditiis ut. Et dolorem qui fugit pariatur iste totam iste.\n\nEa sapiente eos explicabo. Inventore qui officia impedit sed. Omnis facere ea dolor laborum est.\n\nBeatae cupiditate earum sit et. Perferendis cum nisi vitae. Itaque nemo consequuntur explicabo eos. Rerum et soluta ut adipisci tenetur perferendis iure voluptates.\n\nConsequatur harum rerum itaque ratione et voluptas. Repellat exercitationem repudiandae accusantium. Quas est expedita repellat vel sunt. Qui id qui quia eos fugit et.\n\nProvident omnis expedita est. Aut et deleniti omnis. Aperiam dolore accusantium in eius.\n\nVel nulla omnis et nihil. Eligendi expedita vitae sequi ut temporibus voluptates. Tenetur dolorem iure voluptates commodi. Molestias facilis voluptatem incidunt id dignissimos eos vel et.',2,2,478,'2025-01-08 16:58:09','2025-01-08 16:58:09'),
(51,'Sit earum ipsum qui cumque recusandae. Amet voluptate aut aut consequatur dolores earum. Voluptatem facere cupiditate repudiandae mollitia libero quae porro. Maxime quis odio nesciunt repudiandae delectus consequuntur adipisci maiores.\n\nDolor fugit ut vitae provident minima et quas dolore. Asperiores et nemo est minima temporibus eaque. Qui corporis error non aliquam similique sed assumenda. Laborum libero ut voluptatem ex.\n\nIusto cupiditate quas laborum voluptates. Iure optio dolor rem quaerat sint eos necessitatibus beatae. Facilis delectus id impedit nulla ea quia. Est reiciendis modi assumenda est ullam voluptatem.\n\nVoluptatem est molestiae vero et. Omnis autem provident laborum tempora officiis. Enim unde facere praesentium in adipisci aut. Et id repellendus animi laudantium iusto provident necessitatibus delectus.\n\nNeque voluptate aut ea aut fugiat. Impedit asperiores excepturi et voluptatem ipsum consequatur. Voluptatem repellat perferendis nam blanditiis est enim qui. Est et corporis sit esse tempore.\n\nEsse mollitia ipsum aperiam voluptatem. Cum quod inventore dolorem temporibus. Laboriosam sit quia voluptatem voluptatem. Rerum sed enim rerum amet delectus.',20,1,28,'2025-01-08 16:58:09','2025-01-08 16:58:09'),
(52,'Accusantium beatae ratione pariatur odio consequatur voluptatem consequatur et. Et occaecati voluptas veritatis doloremque. Ab dolorem sed saepe repudiandae.\n\nEa animi quas sit nemo vel laboriosam. Porro commodi placeat et ut aut deserunt. Provident facilis nesciunt id est laboriosam expedita.\n\nVelit velit dolor nisi unde rem consequuntur nobis voluptas. Aut ea natus quia eligendi doloremque rem. Numquam provident voluptatem illo asperiores. Sed tempore voluptatem rerum amet provident esse earum.\n\nEst sapiente in dignissimos cumque quod. Dicta officia perferendis officia ea nemo. Ut beatae quis eos aut voluptates. Alias ratione atque inventore recusandae suscipit magnam voluptas.\n\nVitae aut maiores doloribus aliquid saepe perferendis molestias. Id atque beatae mollitia alias aliquam. Laudantium aut est optio id expedita architecto. Accusamus perferendis impedit voluptatem voluptatibus doloremque maiores.\n\nDicta natus dolor quo quia totam sit exercitationem. Iure architecto dolore sequi provident ipsam et. Sed eveniet totam et est est.',18,2,269,'2025-01-08 16:58:09','2025-01-08 16:58:09'),
(53,'Velit ut ut voluptas. Magnam quaerat exercitationem non nisi officia molestiae qui. Labore quidem deserunt vel ratione pariatur non.\n\nQuia eligendi commodi earum amet ullam. Laborum enim tempora quibusdam aspernatur ut necessitatibus modi. Aut ea commodi reprehenderit reprehenderit recusandae dolorem ad dolores.\n\nExcepturi sit asperiores sit voluptas aut dolorum aut sed. Omnis dolor laudantium maiores aspernatur maxime distinctio sit. Perspiciatis vel cum maxime possimus.\n\nIusto quaerat tempora odio. Facere cum libero pariatur repellendus. Magni fuga veniam sed omnis maxime voluptatem error consequatur.\n\nNemo praesentium dolorem nam et dicta. Optio officiis qui rerum expedita odio. Culpa temporibus omnis culpa corrupti.\n\nDolor voluptate quisquam rerum est aut autem ea. Et qui voluptatem aut omnis hic excepturi ad temporibus. Quia voluptas repellat dolor consequuntur et ipsa. Eligendi enim tempore molestiae id blanditiis. Quo et adipisci expedita in sapiente ab facilis.',24,2,473,'2025-01-08 16:58:09','2025-01-08 16:58:09'),
(54,'Consequatur dolores nostrum iste autem. Sequi id et optio est.\n\nAccusamus est omnis porro aperiam omnis excepturi ducimus aut. Ea sint est praesentium quia. Repellendus non aperiam ut deleniti. Laboriosam eos quibusdam iste alias impedit dolorem fuga.\n\nId aut atque dolores. Doloribus et vel omnis alias. Possimus repudiandae alias voluptatibus commodi voluptate quis. Corporis possimus est aliquid alias quam. Harum sint nostrum voluptatem in.\n\nEst velit voluptas distinctio nesciunt qui ut debitis quasi. Nostrum recusandae velit corporis reprehenderit magni cupiditate. Assumenda consequatur reiciendis ipsa minima. Numquam possimus et velit autem.\n\nDicta saepe omnis aut aut dolor. Aut iste dolorem ullam repellat veritatis. Rerum quis minima ad molestiae.\n\nBlanditiis magni deserunt ex voluptates fugiat quam. Aut molestias ut aut. Ullam explicabo eligendi occaecati.',25,2,460,'2025-01-08 16:58:09','2025-01-08 16:58:09'),
(55,'Delectus autem officiis qui repudiandae. Illum cumque aspernatur omnis accusantium consectetur. Odio sunt voluptatem aut eligendi quas.\n\nSoluta deserunt repellendus voluptas occaecati et reprehenderit. Labore rerum pariatur dicta adipisci. Labore quibusdam doloribus ab eum et eveniet.\n\nSed et quidem at qui aliquid facilis praesentium vel. Nihil amet culpa odio repellendus nihil. Debitis deleniti earum nihil aut aspernatur sit a nihil. Unde expedita ullam nemo qui.\n\nSed neque rerum earum. A consequatur et nostrum numquam et provident quos.\n\nAut doloribus numquam similique laboriosam amet quia. Deserunt odit minus suscipit ut eligendi eos.\n\nEst voluptatem qui eum omnis ullam. Quasi ratione quibusdam unde aut aliquam ducimus quia. Minima quos blanditiis delectus laboriosam qui eligendi vero ut.',6,2,52,'2025-01-08 16:58:09','2025-01-08 16:58:09'),
(56,'Quia recusandae ut at aut. Ut fuga sunt sint officia dolores doloribus. Aut culpa eaque aut alias quia. Porro quia eos omnis eius aut velit quis.\n\nConsequatur dolor non reiciendis quo qui fuga et sint. Autem error eum est error eaque. Dolores inventore illum accusantium facere quia.\n\nRepudiandae cumque rerum nulla dolorem rerum nesciunt reiciendis. Sapiente possimus accusamus dignissimos consequatur quasi laborum delectus. Rem aut corporis minus excepturi nam doloremque. Ut suscipit non voluptatem.\n\nQuae quibusdam assumenda optio nostrum. Minus molestiae similique deserunt labore omnis minus. Neque est aut cum id laudantium animi. Omnis minus illo nihil qui. Similique qui enim quidem quia vitae.\n\nAut sapiente veritatis porro animi est. Consequatur in sunt et architecto sequi. Et id rerum magnam in asperiores voluptas. Velit sunt vel magni iste sit. Aperiam ut impedit ea voluptas a.\n\nEos corrupti delectus odit sint eos sed. Aut facilis natus id tempore aut deserunt. Dolores excepturi quidem quas non rerum eius. Numquam est omnis sed eaque neque hic rerum.',14,1,74,'2025-01-08 16:58:09','2025-01-08 16:58:09'),
(57,'Dolor beatae sed maiores quisquam. Occaecati maxime et dolores velit blanditiis deleniti. Sunt consequatur esse est consequatur. Rerum veritatis minus veritatis sit rem sunt et.\n\nAliquam animi molestias magni. Vero consequatur sint iure est consequuntur. Et delectus quas et dolor excepturi eligendi.\n\nDolore impedit minus earum ratione. In sit voluptate ullam quo. Eos adipisci placeat nesciunt esse veritatis perspiciatis.\n\nQuasi et labore labore fugit laboriosam. Ut exercitationem aut voluptas nobis. Voluptas non adipisci in sunt autem dolores. Excepturi commodi quia dolor omnis perferendis consequuntur alias.\n\nNihil alias blanditiis non animi dolorum quia sed. Vel et voluptates iure maiores mollitia et ipsa. Animi magnam reprehenderit facilis est itaque nulla. Omnis delectus minima et molestias odio.\n\nQuis dolor maxime nisi asperiores. Aut velit deleniti sunt minima provident ex praesentium veniam. Est voluptas rerum fugit quod ducimus. Est cum qui odit eveniet non veniam ducimus.',19,2,284,'2025-01-08 16:58:09','2025-01-08 16:58:09'),
(58,'Molestiae nostrum esse earum est. Voluptas culpa sed consequatur iusto. Facilis omnis odit officia voluptatem dolore et. Ut accusamus nobis quis.\n\nAsperiores dolorem ipsa alias blanditiis velit officia. Quibusdam culpa architecto rem cupiditate eos molestias voluptatem et. Dolore totam sint aut non expedita et.\n\nLabore omnis optio ipsam dicta similique dolorem. Quis numquam accusamus ut et ex molestiae dolorum. Qui molestiae et doloremque dolores. Ipsum in eum ab quam qui sapiente.\n\nAspernatur delectus voluptatem cum occaecati dolores aut dolore. Numquam expedita ipsam omnis error voluptatem quam dolorum.\n\nSint occaecati porro laudantium quia. Illo numquam dolores enim. Quia illo aliquid et similique rerum voluptas sed est.\n\nEt magnam nihil voluptas at voluptas. Expedita dolore sapiente et fuga quaerat. Placeat aut veniam corrupti odit itaque molestias asperiores.',4,2,171,'2025-01-08 16:58:09','2025-01-08 16:58:09'),
(59,'Voluptatem quia repellat beatae molestiae. Neque beatae eius corrupti quasi in et. Qui quod est magni odit nostrum commodi est est. Sunt libero tempore dignissimos perspiciatis explicabo.\n\nUt vel illum at. Hic ipsam assumenda tempora facilis impedit in. Et rerum voluptatem sequi assumenda et qui minus fuga.\n\nMolestias est et non quis quia eius sit. Quia et libero sed at veritatis itaque. Quasi repudiandae ipsa est excepturi placeat debitis ea quaerat. Cupiditate mollitia aliquam nam vitae dolor accusamus voluptates.\n\nEum atque alias corrupti. Quis rerum ipsam dolorem reprehenderit non est. Id in impedit pariatur debitis. Delectus voluptatem nostrum cupiditate enim cum.\n\nEt est quia et voluptate odio debitis sit. Ab possimus odio ex enim. Natus ipsum ratione ut assumenda eaque placeat enim.\n\nNon temporibus eos reiciendis eum labore possimus suscipit. Suscipit molestiae officia animi velit. Autem minus est doloremque exercitationem nam. Adipisci odio quis sapiente aliquam.',4,1,487,'2025-01-08 16:58:09','2025-01-08 16:58:09'),
(60,'Repudiandae et dolorem similique. Officia aut unde ut. Error atque sequi dicta provident. Necessitatibus soluta sed exercitationem sequi voluptas.\n\nRatione optio rerum itaque labore. Quis magnam dicta magni perferendis suscipit fugiat. Sunt fugit enim earum molestiae asperiores recusandae.\n\nOmnis dolores vero tenetur ut sit autem dolor. Voluptas expedita hic nulla alias. Placeat quas quis ipsam in.\n\nDelectus sit eum non voluptatem illum laborum doloribus. Dolores blanditiis eum blanditiis veritatis et voluptatem. Eos delectus tempora soluta voluptatum iusto.\n\nDolor molestiae perferendis officia voluptates. Et necessitatibus blanditiis incidunt recusandae quam. Laboriosam adipisci eaque commodi. Non cum voluptatem commodi maxime quod sunt non sint.\n\nDoloremque eaque voluptatum enim quod cum qui. Optio et aut illo error est accusamus. Ipsa reiciendis et repudiandae unde accusantium.',5,2,79,'2025-01-08 16:58:09','2025-01-08 16:58:09'),
(61,'Est qui enim quam minima. Tempora molestiae recusandae veniam voluptate libero.\n\nVeniam nostrum aliquid autem hic suscipit incidunt. Quisquam dolores esse dolor. Tempora delectus eveniet at neque sed est alias omnis.\n\nVelit mollitia quisquam amet numquam. Voluptate ut eos repudiandae fuga doloribus perferendis. Assumenda sit optio sed dolore. Occaecati cumque quod tempora molestiae qui.\n\nNesciunt et quos ipsa sequi ut soluta. Dolorem delectus sunt dolorem saepe. Nihil soluta et optio fuga iusto. Quia exercitationem sunt temporibus qui nihil dolores et.\n\nAd natus maxime odit quo magni nisi quisquam. Et harum molestias id omnis itaque placeat vel. At sint aut non quisquam. Asperiores architecto illo vel voluptas iusto fugiat facilis.\n\nPariatur deserunt et voluptates beatae omnis sint dolor. Ea dolore ipsum eos veritatis. Qui facilis fugit cupiditate corporis voluptatem.',14,2,19,'2025-01-08 16:58:09','2025-01-08 16:58:09'),
(62,'Inventore unde quo magni id. Quidem nihil ut vero incidunt omnis optio amet. Consequatur voluptatem eaque accusamus praesentium voluptas occaecati voluptatem sed. Et nostrum corporis ipsa explicabo.\n\nNatus accusamus porro velit qui. Ut placeat est qui. Cupiditate et qui sequi dolorum autem porro voluptatem. Accusamus et nam molestiae provident totam voluptate molestiae.\n\nNam ratione voluptas provident quis perspiciatis. Velit quisquam non debitis minima est accusamus sit. Non qui et omnis et tempora consequatur. Voluptatem iste officiis mollitia neque voluptas dolorem aut.\n\nCum cum maiores veniam aut. Enim voluptatibus alias recusandae officia. Animi ea quam nobis a ex. Deleniti possimus reprehenderit iure vel.\n\nSuscipit et consequatur nobis mollitia repellat nulla aut sapiente. Et numquam vitae consectetur tempora itaque dolorum quia eos. Sit aut sequi sint totam sit amet necessitatibus.\n\nUnde et non aut. Consequatur nostrum asperiores excepturi praesentium distinctio. Ut necessitatibus odio ea quos cumque explicabo consequatur.',16,2,498,'2025-01-08 16:58:09','2025-01-08 16:58:09'),
(63,'Velit sit cumque vero. Assumenda dolore laboriosam nisi magnam. Consectetur voluptatem rerum ad. Aliquid aliquid et dignissimos autem maiores.\n\nAssumenda nulla qui tempora non est fuga et. Nam maxime autem aut atque nulla.\n\nUt tempora sed sed aut. Qui placeat consectetur omnis perferendis fugiat qui corrupti quis. Numquam quae dolorem dolor et nihil consectetur molestias.\n\nVoluptatem consequatur qui enim ipsa. Alias dolorum neque rerum error sequi minus dolorem. Ut ipsam consequatur quos accusamus.\n\nAmet odit earum vel optio odit dolores. Delectus aspernatur ea quaerat. Veniam optio consequatur sit reiciendis et et. Impedit aut officiis consequatur suscipit magnam deleniti nihil.\n\nDoloribus in nostrum dolorum soluta. Sed quaerat consequatur tempore sit ut nemo quo nostrum. Aut et quo accusantium aut maxime consequatur officiis voluptatibus. Cum aperiam dicta ad quia.',4,2,209,'2025-01-08 16:58:09','2025-01-08 16:58:09'),
(64,'Tenetur non natus aliquam quaerat magni aut. Et placeat fuga exercitationem delectus aut et. Temporibus nihil autem dolores nam rerum hic cum nisi. Quis ex velit ut itaque dolor vel.\n\nNeque ea sit aut laboriosam enim quidem inventore sed. Qui nulla temporibus quidem dolores.\n\nTenetur numquam nihil est autem cupiditate corporis aut. Libero sit et id. Voluptatibus aliquam repellendus molestias.\n\nError nihil odio est alias delectus inventore ex est. Quasi ratione et corporis ab neque qui ut. Commodi porro est cumque molestias.\n\nQuasi aut velit non fuga deleniti consectetur recusandae. Qui eligendi qui voluptatum nihil praesentium velit. Autem cumque nisi quo quo reprehenderit non accusantium.\n\nRerum magnam enim qui provident velit nobis minus. Ducimus omnis alias veniam consectetur voluptas. Cum ratione voluptatem quia ab veritatis cumque.',20,1,70,'2025-01-08 16:58:09','2025-01-08 16:58:09'),
(65,'Voluptatibus esse voluptatem culpa quos. Incidunt suscipit libero dolor id qui.\n\nReprehenderit aut omnis quibusdam sapiente aut vitae aperiam. Deserunt itaque perspiciatis perspiciatis facere accusantium hic. Quis velit quia qui quod odio nam. Voluptatem eveniet dicta ex sit sed.\n\nLabore mollitia porro cumque. Incidunt in natus quasi veritatis enim. Commodi in eius et illo et officiis. Perferendis et quis dolor aut. Perspiciatis tenetur quas fuga illum iusto sit.\n\nExcepturi deleniti voluptatem reprehenderit. Rerum soluta consequatur fugit et sit ipsum. Hic accusamus natus quos ipsum accusamus sint.\n\nAt voluptatem molestiae et et. Quis sunt rerum cupiditate ut nulla consequuntur similique. Aut laboriosam ratione omnis vel. Inventore aperiam voluptatem veritatis architecto.\n\nOmnis mollitia rerum accusamus architecto et. Ducimus molestiae aut eveniet sapiente recusandae doloribus quisquam.',15,2,263,'2025-01-08 16:58:09','2025-01-08 16:58:09'),
(66,'Ut eum mollitia ut quia quod enim quisquam. Ratione sit eum nihil. Cumque incidunt non quo esse. Ad voluptas sit voluptas nesciunt sed autem.\n\nFugit expedita omnis autem aut expedita ratione voluptatem. Reprehenderit consequatur nisi autem autem sed ut nobis. Voluptatibus voluptatem enim est sint sed. Ut aspernatur sit possimus nihil molestiae.\n\nVeritatis tenetur molestiae voluptatem. Veniam sit eos sint voluptatem perspiciatis. Et officiis est velit quasi quis quisquam.\n\nDignissimos qui perspiciatis voluptatem dolores dolorem. Velit assumenda a consequuntur. Et soluta aut nisi non. Ut dolores recusandae exercitationem cupiditate quo amet.\n\nUt dolorem hic fugit veniam voluptatem. Laudantium exercitationem id quisquam harum nam itaque voluptatem. Voluptatem qui totam praesentium non et sunt nobis.\n\nUt nobis quibusdam tempore vel. Impedit consectetur excepturi quisquam culpa eum. Corporis sed in sed dolorum odit impedit.',25,2,55,'2025-01-08 16:58:09','2025-01-08 16:58:09'),
(67,'Nobis odio temporibus ut culpa. Aut quo placeat voluptas illum. Et ea quod in quia dignissimos molestias. Nihil fugiat quo occaecati et saepe assumenda.\n\nAssumenda sit et sed cupiditate aperiam quidem unde. Voluptatum sit hic dicta magnam. Qui hic atque exercitationem rem qui. Laboriosam odio minus dolorem est magnam nihil.\n\nMaxime quasi ex rerum totam reiciendis. Sit quo asperiores quam possimus hic et. Aspernatur sint libero rem eos in. Consequuntur quae blanditiis atque provident et.\n\nError voluptas sit ea qui mollitia reprehenderit molestiae delectus. Consequatur autem maiores voluptates quis doloribus autem aut rerum. Quo qui similique pariatur repellendus.\n\nVeritatis quae in tempora ipsum quaerat. Necessitatibus doloremque voluptas velit est consequatur sed. Distinctio vel sit aut rem illo.\n\nNisi architecto perspiciatis id. Rerum aut inventore tempora aut. Quis provident aut quia aut recusandae expedita voluptatibus. Ducimus pariatur maxime occaecati praesentium saepe facilis perferendis.',23,1,230,'2025-01-08 16:58:09','2025-01-08 16:58:09'),
(68,'Esse aspernatur tempore asperiores. Adipisci eveniet eos aut et hic sed est. Veniam dignissimos perspiciatis voluptatem modi. Sunt nihil aliquam eos quas harum nulla corrupti. Adipisci dolor nihil nisi officia occaecati cupiditate.\n\nPerspiciatis asperiores eius corrupti molestiae asperiores. Sit ratione vero qui aliquam. Dolorem omnis assumenda eos.\n\nMolestiae molestiae blanditiis aut debitis qui. Nam nobis libero voluptatibus consequuntur aut ipsum sed.\n\nQuia neque atque omnis laboriosam voluptas et. Ut repellendus repellat eveniet ex. Ut sit placeat quaerat qui expedita quos repellendus. Cum necessitatibus voluptates harum dicta ut soluta adipisci. Et nesciunt unde amet ut illum sint.\n\nQui eum et molestiae voluptatem ut ratione. Corporis accusantium odit dolorum quia.\n\nRepellat eaque quod laboriosam harum et voluptate. Nulla officia asperiores magni perspiciatis unde sapiente delectus. Nihil adipisci delectus doloribus sint corporis reprehenderit.',4,2,417,'2025-01-08 16:58:09','2025-01-08 16:58:09'),
(69,'Veritatis unde maiores amet voluptas quam atque accusantium. Assumenda numquam non porro nihil. Nihil sapiente dolor recusandae excepturi et. Excepturi laudantium sed eum quidem commodi. Et aut blanditiis ea ex pariatur.\n\nEst aut numquam praesentium officiis reiciendis non aut. Doloremque voluptates possimus autem et quibusdam. Earum hic quam accusantium non corrupti veniam nemo. Rerum sint ut temporibus culpa. Officia quos quia quis rerum eligendi autem et.\n\nLabore deserunt quisquam voluptatibus maxime quo dolorem. Perferendis quae repudiandae at animi dolores excepturi maxime. Dolorum ut ipsum dolorem inventore quam. Cupiditate molestiae totam ab sit deleniti minima rerum.\n\nQuia beatae nobis earum. Possimus voluptas nesciunt ipsa at.\n\nSunt quae quibusdam a molestiae est nam aut. Est repellendus quis modi vel eum rerum perspiciatis et. Quae delectus laboriosam cupiditate perferendis. Ratione sequi unde aperiam ratione et.\n\nMolestiae facere sed perferendis corporis dolorem eos voluptatem ut. Eum est odit velit repellendus.',4,2,316,'2025-01-08 16:58:09','2025-01-08 16:58:09'),
(70,'Amet et nisi dolor asperiores. Ipsa sed ut expedita quaerat. Consequatur saepe id molestiae sapiente velit et.\n\nDoloribus est voluptas id voluptatem dolores et earum aut. Saepe possimus provident aut reprehenderit. Eos cupiditate possimus reiciendis animi. Qui delectus voluptatem eveniet est. Harum nihil error eius rerum harum eos fuga.\n\nIure sint ad libero. Autem est quo omnis labore. Et vitae quia non qui omnis corrupti et.\n\nSunt eum non laudantium nemo accusantium. Animi aperiam assumenda itaque dignissimos animi dignissimos. Nam vero sit rerum consequatur aut enim maiores.\n\nFugiat ad in nulla laborum quae ad vel. Similique facilis voluptas impedit laudantium. Laborum ut ea et provident labore voluptatem sed.\n\nQuae explicabo dolorem quidem qui ipsum inventore. Quia impedit qui suscipit eos. Unde totam similique eveniet veniam doloribus rem.',9,1,559,'2025-01-08 16:58:09','2025-01-08 16:58:09'),
(71,'Voluptate doloremque ut molestias cupiditate doloribus voluptatibus sunt. Incidunt numquam voluptatibus illo et. Ullam quos omnis quaerat eum omnis ratione.\n\nDeleniti deleniti omnis dolores porro. Voluptas repellat aut dignissimos quas dignissimos beatae. Et quae deleniti consequatur id velit et.\n\nDoloribus molestiae nostrum ut. Nobis perspiciatis est sunt voluptas veniam porro. Qui tempore distinctio fugit optio sed quia velit. Enim qui molestias sequi nemo. Molestiae quia voluptas repellendus assumenda qui in asperiores.\n\nAutem aspernatur odit aut aut laudantium voluptas facere. Et dolorem et odio autem natus eius architecto.\n\nEum voluptatem molestias repudiandae doloribus rerum odio voluptatem. Eius eum omnis et praesentium magnam alias porro. Animi reprehenderit vitae iure beatae aspernatur fuga praesentium possimus.\n\nSit reiciendis aperiam numquam qui. Non libero reprehenderit cum nisi recusandae. Facere aliquam rem molestiae velit et sint.',23,1,150,'2025-01-08 16:58:09','2025-01-08 16:58:09'),
(72,'Ut repellat qui unde voluptatibus fuga officiis. Ipsam totam doloremque voluptatum eum hic iste esse. Consequatur sint est assumenda voluptas eligendi.\n\nNihil et nihil et eos nostrum. Nulla sint voluptatem qui ut non. Dicta aut quos repudiandae est qui minus nihil optio. Atque eum facilis debitis. Et atque fuga vel quaerat velit.\n\nAutem voluptatem beatae quia quis veritatis dolore unde. Id autem ut est sint dignissimos consequatur sequi saepe.\n\nFuga enim sunt aut dolorem maxime. Dignissimos doloremque molestiae eum aut. Asperiores quia quo veritatis et quibusdam dolorem. Ducimus debitis dolorem doloribus natus temporibus.\n\nVoluptatem dolorem et quos eaque omnis ipsam aliquam alias. Ut sint laudantium est. Quod est dolores enim tempora voluptatem aperiam.\n\nUt tempora nam architecto quo vel. Corporis distinctio ex ratione at cum. Cumque totam amet neque rerum alias cumque ullam. Repellendus cum quia et voluptas.',11,2,303,'2025-01-08 16:58:09','2025-01-08 16:58:09'),
(73,'Consequatur autem autem aut est ab. Et ducimus ut omnis est dolores et fugit ullam. Et aliquid quia et voluptas accusamus et cum.\n\nSapiente voluptatem blanditiis mollitia quia. Blanditiis eius earum quibusdam dolores inventore ut. A eum aut aut quos nesciunt sint. Culpa ut quia dolorem enim explicabo consequuntur illo. Maiores neque sequi consequatur voluptatem odit.\n\nMolestias dolorum tempora esse. Veritatis ducimus natus ratione veniam dolorum saepe soluta. Laudantium a doloremque odio accusantium sunt repudiandae officiis. Atque quis est qui dolor occaecati.\n\nVel unde sit ducimus aut veritatis. Et consequatur occaecati architecto nulla illo non. Veniam vel omnis veniam. Repellendus consectetur iure sequi possimus voluptatem.\n\nFacilis maxime sunt voluptas libero. Quis consequatur omnis qui libero aliquid neque. Voluptates eum officiis voluptas eius dolorem.\n\nVeniam quisquam libero necessitatibus impedit quaerat id. Nulla ut dolor ab vel inventore voluptatum repellendus non. Voluptas ut velit eos natus. Nesciunt ducimus repellat nostrum qui dolor est et.',17,2,496,'2025-01-08 16:58:09','2025-01-08 16:58:09'),
(74,'Harum eveniet repudiandae distinctio animi explicabo maxime qui atque. Exercitationem repellendus perspiciatis sint quod quos debitis magni.\n\nHic illum fugit consequatur quibusdam. Voluptatem eius hic perspiciatis nostrum. Consequatur nesciunt fugiat maiores asperiores dolores voluptatem aut.\n\nAutem enim qui atque maxime. Repudiandae qui veritatis ipsa architecto. Tempora sed facilis et voluptas nisi voluptates cumque et. Veniam soluta et eum tempora. Repudiandae inventore qui ut tempora reiciendis.\n\nDolorem amet eos aut qui omnis quos. Perferendis id vitae et nesciunt quo. Adipisci rerum ratione voluptatem.\n\nQuam nulla incidunt et. Maxime molestias sed fuga est possimus tempore. Nesciunt quasi qui neque libero consectetur. Omnis rem vel enim commodi perspiciatis animi dolorem.\n\nDebitis exercitationem omnis quia repudiandae pariatur consequatur itaque et. Odio doloremque voluptatibus alias expedita. Exercitationem id praesentium quas veniam ut. Sit quia deleniti sed amet suscipit. Minima vel recusandae optio laboriosam cum.',18,2,583,'2025-01-08 16:58:09','2025-01-08 16:58:09'),
(75,'Ratione rerum aut incidunt optio dolor. Repellendus minus maiores dolores cumque quod ex vel. Enim sequi optio saepe inventore cupiditate sequi.\n\nIste expedita itaque ipsum doloremque. Natus possimus unde qui consequatur. Ut et aut non laboriosam quo quis. Esse inventore pariatur dolor dolorem.\n\nVelit natus autem at voluptatem eligendi quo itaque ea. Eligendi sit animi dicta occaecati dignissimos rerum. Harum ut accusamus laborum laborum doloribus dolor.\n\nVoluptas labore fugiat consequatur quasi. Fuga voluptate qui modi. Modi voluptatem doloremque accusantium totam eveniet ut modi. Et voluptatem quis minus aut dignissimos cupiditate.\n\nEt voluptatem eos mollitia inventore deleniti eius voluptatem. Odio quod facere saepe quis eaque voluptatem quam a. Quibusdam quo voluptates dolore et vel vel.\n\nNon dolores molestias beatae est. Similique inventore enim perspiciatis. Nostrum rerum quod vel non.',14,1,465,'2025-01-08 16:58:09','2025-01-08 16:58:09'),
(76,'Explicabo nostrum et consequatur. Quasi accusamus et error numquam consequuntur consequuntur. Sapiente quis culpa perspiciatis sed dignissimos dolorum ut.\n\nDolor minima quae hic quasi. Eos quae dolore vitae molestiae quibusdam porro impedit tenetur. Consequatur provident quia qui ab non.\n\nEst eveniet saepe minus unde aut dolores. Est voluptatem eos eligendi odio in. Id explicabo veritatis et.\n\nAut aspernatur illum voluptate eum ab optio debitis. Quis nemo asperiores qui et. Autem minima aut excepturi commodi accusamus.\n\nSoluta debitis ipsum velit consequuntur ut molestiae dolor. Perferendis incidunt in magnam. Expedita est ut omnis et ut.\n\nMolestias enim nesciunt dignissimos numquam. Unde explicabo ut inventore. Et ut amet nihil recusandae esse voluptatem. Quia dolor voluptatem ipsam.',9,2,64,'2025-01-08 16:58:09','2025-01-08 16:58:09');
/*!40000 ALTER TABLE `bookclub_posts` ENABLE KEYS */;
UNLOCK TABLES;

--
-- Table structure for table `bookclub_user`
--

DROP TABLE IF EXISTS `bookclub_user`;
/*!40101 SET @saved_cs_client     = @@character_set_client */;
/*!40101 SET character_set_client = utf8 */;
CREATE TABLE `bookclub_user` (
  `bookclub_id` bigint(20) unsigned NOT NULL,
  `user_id` bigint(20) unsigned NOT NULL,
  PRIMARY KEY (`bookclub_id`,`user_id`)
) ENGINE=InnoDB DEFAULT CHARSET=utf8mb4 COLLATE=utf8mb4_unicode_ci;
/*!40101 SET character_set_client = @saved_cs_client */;

--
-- Dumping data for table `bookclub_user`
--

LOCK TABLES `bookclub_user` WRITE;
/*!40000 ALTER TABLE `bookclub_user` DISABLE KEYS */;
INSERT INTO `bookclub_user` VALUES
(1,1),
(1,2),
(2,1),
(2,3),
(3,1),
(4,1);
/*!40000 ALTER TABLE `bookclub_user` ENABLE KEYS */;
UNLOCK TABLES;

--
-- Table structure for table `bookclubs`
--

DROP TABLE IF EXISTS `bookclubs`;
/*!40101 SET @saved_cs_client     = @@character_set_client */;
/*!40101 SET character_set_client = utf8 */;
CREATE TABLE `bookclubs` (
  `id` bigint(20) unsigned NOT NULL AUTO_INCREMENT,
  `title` varchar(255) NOT NULL,
  `description` text DEFAULT NULL,
  `created_at` timestamp NULL DEFAULT NULL,
  `updated_at` timestamp NULL DEFAULT NULL,
  PRIMARY KEY (`id`)
) ENGINE=InnoDB AUTO_INCREMENT=26 DEFAULT CHARSET=utf8mb4 COLLATE=utf8mb4_unicode_ci;
/*!40101 SET character_set_client = @saved_cs_client */;

--
-- Dumping data for table `bookclubs`
--

LOCK TABLES `bookclubs` WRITE;
/*!40000 ALTER TABLE `bookclubs` DISABLE KEYS */;
INSERT INTO `bookclubs` VALUES
(1,'De Verhalenreis','Voor lezers die graag de wereld ontdekken via boeken, van fantasy tot non-fictie.','2024-12-06 14:49:55','2024-12-13 15:21:20'),
(2,'Het Literaire Kwartet','Een club voor diepe, kritische discussies over klassieke en moderne meesterwerken.','2024-12-13 15:21:33','2024-12-13 15:21:33'),
(3,'Bladzijde Voor Bladzijde','Een rustige boekenclub die het tempo laag houdt, ideaal voor drukke lezers.','2024-12-13 15:21:51','2024-12-13 15:21:51'),
(4,'Woorden & Wijn','Combineert een goed boek met een glas wijn en gezellige gesprekken.','2024-12-13 15:21:59','2024-12-13 15:21:59'),
(5,'Tussen De Regels','Voor lezers die graag de verborgen boodschappen en themas in boeken ontrafelen.','2024-12-13 15:22:06','2024-12-13 15:22:06'),
(6,'Het Boekengenootschap','Een gezellige club die alles leest, van bestsellers tot niche-literatuur.','2024-12-13 15:22:15','2024-12-13 15:22:15'),
(7,'Bibliomaniacs','Voor de echte boekenverslaafden die geen genre uit de weg gaan.','2024-12-13 15:22:25','2024-12-13 15:22:25'),
(8,'Koffie en Klassiekers','Perfect voor ochtenden met een kop koffie en tijdloze verhalen.','2024-12-13 15:22:32','2024-12-13 15:22:32'),
(9,'De Leesbrigade','Een club met een missie: zoveel mogelijk genres verkennen en bespreken.','2024-12-13 15:22:38','2024-12-13 15:22:38'),
(10,'Verhalenverzamelaars','Gericht op het ontdekken van nieuwe auteurs en onontdekte parels.','2024-12-13 15:22:46','2024-12-13 15:22:46'),
(11,'De Avondlezers','Een club die samenkomt in de avond om verhalen tot leven te laten komen.','2024-12-13 15:22:52','2024-12-13 15:22:52'),
(12,'Het Pagina-Avontuur','Voor avontuurlijke lezers die houden van verrassende twists en spannende plots.','2024-12-13 15:23:02','2024-12-13 15:23:02'),
(13,'Fictief & Feitelijk','Combineert fictie en non-fictie voor veelzijdige leeservaringen.','2024-12-13 15:23:08','2024-12-13 15:23:08'),
(14,'De Bladzijdes','Een luchtige boekenclub die draait om het delen van meningen en gezelligheid.','2024-12-13 15:23:15','2024-12-13 15:23:15'),
(15,'Letterliefhebbers','Voor mensen met een passie voor taal en literatuur.','2024-12-13 15:23:21','2024-12-13 15:23:21'),
(16,'De Leeskringen','Een traditionele boekenclub met ruimte voor iedereen die van lezen houdt.','2024-12-13 15:23:30','2024-12-13 15:23:30'),
(17,'De Boekhoeken','Voor lezers die van hoekige discussies en scherpe analyses houden.','2024-12-13 15:23:36','2024-12-13 15:23:36'),
(18,'Cover to Cover','Een internationale vibe, gericht op Engelstalige boeken en discussies.','2024-12-13 15:23:42','2024-12-13 15:23:42'),
(19,'Boek&Balans','Voor wie een boek wil combineren met mindfulness en persoonlijke groei.','2024-12-13 15:23:48','2024-12-13 15:23:48'),
(20,'Het Plotpunt','Ideaal voor fans van thrillers en verhalen met onverwachte wendingen.','2024-12-13 15:23:54','2024-12-13 15:23:54'),
(21,'De Ongelezen Bladzijdes','Een motiverende club om eindelijk die boeken van je TBR-lijst te halen.','2024-12-13 15:24:01','2024-12-13 15:24:01'),
(22,'De Fantasieclub','Een boekenclub voor liefhebbers van fantasy, sci-fi en magische werelden.','2024-12-13 15:24:07','2024-12-13 15:24:07'),
(23,'Dichterbij Woorden','Voor pozieliefhebbers die houden van ritme, rijm en betekenis.','2024-12-13 15:24:13','2024-12-13 15:24:13'),
(24,'De Historische Hoek','Gericht op historische romans en verhalen die je meenemen naar het verleden.','2024-12-13 15:24:19','2024-12-13 15:24:19'),
(25,'Bladgoud','Voor lezers die op zoek zijn naar literaire juweeltjes en verborgen schatten.','2024-12-13 15:24:26','2024-12-13 15:24:26');
/*!40000 ALTER TABLE `bookclubs` ENABLE KEYS */;
UNLOCK TABLES;

--
-- Table structure for table `books`
--

DROP TABLE IF EXISTS `books`;
/*!40101 SET @saved_cs_client     = @@character_set_client */;
/*!40101 SET character_set_client = utf8 */;
CREATE TABLE `books` (
  `id` bigint(20) unsigned NOT NULL AUTO_INCREMENT,
  `title` varchar(255) NOT NULL,
  `description` text DEFAULT NULL,
  `image_url` varchar(255) DEFAULT NULL,
  `published_at` date DEFAULT NULL,
  `author_id` bigint(20) unsigned DEFAULT NULL,
  `created_at` timestamp NULL DEFAULT NULL,
  `updated_at` timestamp NULL DEFAULT NULL,
  PRIMARY KEY (`id`)
) ENGINE=InnoDB AUTO_INCREMENT=601 DEFAULT CHARSET=utf8mb4 COLLATE=utf8mb4_unicode_ci;
/*!40101 SET character_set_client = @saved_cs_client */;

--
-- Dumping data for table `books`
--

LOCK TABLES `books` WRITE;
/*!40000 ALTER TABLE `books` DISABLE KEYS */;
INSERT INTO `books` VALUES
(1,'Goldner, Strosin and Dickens','Quisquam ea culpa odio suscipit. Atque aut eveniet voluptates quaerat. Est similique adipisci hic necessitatibus labore aspernatur. Ea aut asperiores voluptas hic fugit. Explicabo cum unde vero omnis iste illum.','books/book-6.jpg','2023-01-02',408,'2025-01-08 14:55:55','2025-01-08 14:55:55'),
(2,'Pacocha-Carter','Eum libero sit voluptate facere mollitia cupiditate sint. Provident est qui porro aliquid assumenda. Voluptatum eum laborum aliquid repellat pariatur. Sunt eum ea hic magni.','books/book-8.jpg','1977-08-28',304,'2025-01-08 14:55:55','2025-01-08 14:55:55'),
(3,'Hickle, Heller and Kiehn','Sint soluta corrupti voluptas saepe quisquam id voluptas. Optio sed aspernatur aut dolorem minus et. Recusandae et itaque mollitia praesentium itaque.','books/book-1.jpg','2014-02-22',488,'2025-01-08 14:55:55','2025-01-08 14:55:55'),
(4,'Sipes-Mayert','Unde omnis deserunt accusantium nobis deleniti suscipit blanditiis. Aut qui veritatis error neque assumenda. Tempore at quisquam deleniti est consequuntur vitae nam. Quasi repellat qui non.','books/book-1.jpg','2004-01-27',459,'2025-01-08 14:55:55','2025-01-08 14:55:55'),
(5,'Gerlach Ltd','Magni possimus velit expedita velit aperiam sunt eos. Aspernatur et ut nulla dolore. Amet error numquam veniam est non cum.','books/book-8.jpg','1994-12-11',247,'2025-01-08 14:55:55','2025-01-08 14:55:55'),
(6,'Watsica, Kub and Kerluke','Ut consectetur excepturi consequatur exercitationem voluptatum sequi enim. Ea quia laborum dolores ratione. Nobis sint veniam quia quia dignissimos dicta fuga pariatur. Quae consectetur quia dolores.','books/book-4.jpg','2009-07-16',206,'2025-01-08 14:55:55','2025-01-08 14:55:55'),
(7,'Conroy-Wyman','Repellat omnis facilis nihil facilis officiis porro. At nesciunt sunt reiciendis voluptatem maxime sunt qui.','books/book-5.jpg','2007-07-26',300,'2025-01-08 14:55:55','2025-01-08 14:55:55'),
(8,'Douglas, Oberbrunner and Roob','Et voluptatibus voluptatem eos. Ratione rerum aliquam temporibus possimus expedita non. Doloribus occaecati distinctio hic est aut.','books/book-5.jpg','1993-12-09',185,'2025-01-08 14:55:55','2025-01-08 14:55:55'),
(9,'Lynch, Auer and Cole','Quia blanditiis voluptatem omnis voluptatibus. Ipsum eligendi error harum voluptatem nulla consequatur. Et rerum omnis nisi laboriosam recusandae sint magni. Libero error error qui enim. Perferendis suscipit eum laborum consequuntur ducimus incidunt quis.','books/book-8.jpg','1993-11-09',425,'2025-01-08 14:55:55','2025-01-08 14:55:55'),
(10,'Conn, Roob and Pfeffer','Qui laudantium aperiam ea quas accusantium. Aliquid dignissimos inventore vel modi blanditiis aspernatur facilis est. Temporibus sunt ducimus aliquam ut voluptatem et. Rerum ea et expedita molestiae animi recusandae.','books/book-1.jpg','2019-08-10',199,'2025-01-08 14:55:55','2025-01-08 14:55:55'),
(11,'Gleason-Yundt','Voluptatem quis occaecati ut aut enim est. Vel vel veniam vero deleniti et. Cum in libero est sint inventore.','books/book-8.jpg','1999-03-26',73,'2025-01-08 14:55:55','2025-01-08 14:55:55'),
(12,'Corkery, Lindgren and Kunze','Architecto labore vero adipisci laudantium. In quasi distinctio omnis nobis enim quibusdam velit. Natus laudantium unde reiciendis labore dolor cupiditate qui placeat. Ab neque et perspiciatis repellendus exercitationem iusto sunt.','books/book-2.jpg','2018-03-29',64,'2025-01-08 14:55:55','2025-01-08 14:55:55'),
(13,'Cormier, Flatley and Braun','Quod labore quia laborum voluptatem quisquam explicabo ea. Quis ex ut qui maxime. Quia provident veritatis et aliquid porro nihil.','books/book-5.jpg','1996-05-03',110,'2025-01-08 14:55:55','2025-01-08 14:55:55'),
(14,'Barrows, Runte and Ankunding','Quia veritatis porro sed totam amet. Voluptatem eius itaque vel magnam reiciendis quidem. Ut minima ut qui repellat. Laudantium doloribus voluptatem eum quis saepe laborum dignissimos.','books/book-5.jpg','1973-08-14',124,'2025-01-08 14:55:55','2025-01-08 14:55:55'),
(15,'Veum, Smith and Little','Ipsam aut autem debitis voluptatum aliquam. Velit ut sed non eos est fugiat. Autem laborum provident eaque occaecati omnis quibusdam.','books/book-8.jpg','1970-01-23',276,'2025-01-08 14:55:55','2025-01-08 14:55:55'),
(16,'Stiedemann-Vandervort','Sit facere harum molestiae ut dignissimos nulla. Vel dignissimos neque ad eos perferendis corrupti consequuntur. Praesentium iste omnis non qui rerum consequatur enim. Voluptatem laborum magni impedit voluptates.','books/book-8.jpg','1973-02-24',389,'2025-01-08 14:55:55','2025-01-08 14:55:55'),
(17,'Hodkiewicz-Renner','Voluptas debitis aspernatur ullam odit. Quia aut eligendi quaerat fuga sint natus. Velit unde est eos eos.','books/book-1.jpg','2001-09-28',358,'2025-01-08 14:55:55','2025-01-08 14:55:55'),
(18,'Hane-McGlynn','Voluptatem et aut enim impedit id et ut. Fuga voluptatem velit vel earum laudantium molestiae. Minus ea occaecati laboriosam quidem provident veritatis. Alias libero vel laudantium ipsa corporis aperiam quia.','books/book-6.jpg','2008-10-15',320,'2025-01-08 14:55:55','2025-01-08 14:55:55'),
(19,'Olson-Kling','Enim est ut est consequuntur. Deserunt sint veritatis consequatur officiis in. Iure non delectus consequatur ratione reprehenderit. Ratione autem cumque fuga dolores ipsam illum.','books/book-2.jpg','2000-09-22',30,'2025-01-08 14:55:55','2025-01-08 14:55:55'),
(20,'Quitzon, Jast and Koch','Dignissimos aut esse et temporibus similique. Saepe quia non quis dolorum necessitatibus molestias incidunt. Mollitia et doloremque nesciunt error dolore. Est temporibus consectetur voluptatibus doloremque placeat quis.','books/book-4.jpg','2019-08-09',145,'2025-01-08 14:55:55','2025-01-08 14:55:55'),
(21,'Pollich, Kiehn and Waelchi','Eveniet consectetur similique sed animi temporibus non fugiat aut. Et et ut ullam voluptatem repellendus. Odit ea nobis quia quam. Itaque necessitatibus officia veniam quos quasi tenetur.','books/book-3.jpg','2007-02-03',4,'2025-01-08 14:55:55','2025-01-08 14:55:55'),
(22,'Cormier Group','Fugiat inventore ut explicabo dignissimos ullam velit et. Et natus facilis nostrum vero quia. Ut dolores illum nisi in rerum quia.','books/book-2.jpg','1989-02-24',104,'2025-01-08 14:55:55','2025-01-08 14:55:55'),
(23,'Romaguera, Bahringer and Schoen','Minima vel odio ipsum iste quis minus. Est rem soluta quia enim fugiat commodi vel et. Et fugit dolore temporibus dolor. At non sunt inventore.','books/book-2.jpg','1991-01-11',432,'2025-01-08 14:55:55','2025-01-08 14:55:55'),
(24,'Mertz, Collier and Wolff','Cupiditate sequi sed pariatur at ut quam. Accusantium earum facere voluptate sint nemo provident omnis libero. Qui repellendus sit quibusdam consequatur animi. Voluptatem aspernatur ea corporis rem optio aut.','books/book-3.jpg','1995-08-16',2,'2025-01-08 14:55:55','2025-01-08 14:55:55'),
(25,'Crona, Wintheiser and Kessler','Reprehenderit modi reprehenderit consequatur fugit voluptatum et. Dignissimos expedita officiis doloribus fugit voluptatem omnis. In magni nobis velit dolores facere qui voluptate.','books/book-4.jpg','1996-05-27',191,'2025-01-08 14:55:55','2025-01-08 14:55:55'),
(26,'Hartmann-Rosenbaum','Maxime a amet consequatur repellat recusandae voluptas odit autem. Cupiditate autem nihil cupiditate ab laborum. At quam voluptas reiciendis ex. Facilis excepturi saepe corrupti accusantium non sit.','books/book-8.jpg','1987-08-25',298,'2025-01-08 14:55:55','2025-01-08 14:55:55'),
(27,'Stehr PLC','Perferendis omnis dolorem dolor aliquid omnis consequatur numquam ab. Expedita unde numquam asperiores et rerum omnis eaque. Tenetur repellat dicta quam. Ea quia quaerat accusantium accusantium architecto quis.','books/book-5.jpg','1979-04-01',174,'2025-01-08 14:55:55','2025-01-08 14:55:55'),
(28,'Nikolaus, Donnelly and Labadie','Veritatis eligendi qui quo blanditiis. Non qui reprehenderit aut et. Inventore dolor repellendus illo perferendis. Vero ipsa aliquid numquam.','books/book-1.jpg','1995-01-27',188,'2025-01-08 14:55:55','2025-01-08 14:55:55'),
(29,'Crona, Stehr and Walker','Voluptatem autem sequi quae. Est sit voluptatem deleniti aliquid. Veniam quis et incidunt possimus accusamus.','books/book-3.jpg','2018-10-11',224,'2025-01-08 14:55:55','2025-01-08 14:55:55'),
(30,'Bayer LLC','Non ea quis unde est aut quos. Numquam placeat inventore ut assumenda quis vel. Optio dolor maxime perspiciatis molestiae et deleniti architecto.','books/book-7.jpg','1993-01-31',296,'2025-01-08 14:55:55','2025-01-08 14:55:55'),
(31,'Welch, Lesch and Skiles','Quis animi nisi debitis occaecati sit. Cum quis autem laudantium. Corrupti consequatur sapiente placeat deleniti perferendis voluptatum quo.','books/book-5.jpg','1992-06-04',143,'2025-01-08 14:55:55','2025-01-08 14:55:55'),
(32,'Altenwerth-Haag','Eius quaerat qui quo porro quisquam enim. Inventore expedita neque sit officia. Et corrupti magnam quia eos est similique illo.','books/book-5.jpg','1988-01-09',393,'2025-01-08 14:55:55','2025-01-08 14:55:55'),
(33,'Hackett Ltd','Officiis quod occaecati sed molestiae id vero. Dolores et quasi qui aut. Suscipit eos optio inventore. Neque autem veniam qui accusantium rem ullam quia.','books/book-7.jpg','2010-01-28',29,'2025-01-08 14:55:55','2025-01-08 14:55:55'),
(34,'Kuhn Ltd','Modi cumque ipsa placeat aut debitis omnis cumque omnis. Voluptatem excepturi quasi amet fuga aliquid et corporis. Non enim ipsum minima et. Ut magni fugiat sint debitis ratione. Natus laboriosam et rerum alias.','books/book-1.jpg','1976-04-01',205,'2025-01-08 14:55:55','2025-01-08 14:55:55'),
(35,'Wintheiser-D\'Amore','Iusto nostrum veritatis cumque aliquam aut. Dolore exercitationem quasi explicabo facere molestiae. Aut cumque provident ut ut consequatur distinctio.','books/book-2.jpg','1994-05-19',36,'2025-01-08 14:55:55','2025-01-08 14:55:55'),
(36,'Kertzmann-Watsica','Vero sunt et itaque sunt. Eum aperiam voluptas perferendis tempora laborum. Minus voluptas ipsum ut sed dolor possimus laborum aut.','books/book-2.jpg','1984-10-11',212,'2025-01-08 14:55:55','2025-01-08 14:55:55'),
(37,'Witting PLC','Quasi nemo ab sint. Nam nostrum neque repellat dignissimos est. Qui suscipit qui cumque doloribus laborum suscipit autem. Tenetur consectetur placeat sunt.','books/book-5.jpg','1991-08-18',37,'2025-01-08 14:55:55','2025-01-08 14:55:55'),
(38,'Kessler Group','Odio qui nihil perferendis libero. Fugit aut inventore vel est totam. Perferendis pariatur maiores sapiente.','books/book-6.jpg','1971-10-11',86,'2025-01-08 14:55:55','2025-01-08 14:55:55'),
(39,'Quigley, Windler and Schulist','Quis soluta quo commodi laudantium. Fugit necessitatibus animi est et. Non nulla voluptatibus nemo excepturi voluptatum ullam.','books/book-2.jpg','1977-10-29',479,'2025-01-08 14:55:55','2025-01-08 14:55:55'),
(40,'Carter Ltd','Fugit corrupti rem dolores libero. Ratione est quam repellendus quibusdam. Voluptates consequatur illum molestiae culpa enim.','books/book-8.jpg','2024-02-05',35,'2025-01-08 14:55:55','2025-01-08 14:55:55'),
(41,'Feest, Conroy and Oberbrunner','Necessitatibus quisquam magnam maxime est pariatur illum voluptatem. Quam laborum inventore distinctio occaecati possimus aliquam suscipit. Unde corporis quisquam id labore est.','books/book-6.jpg','1972-03-20',155,'2025-01-08 14:55:55','2025-01-08 14:55:55'),
(42,'Kunze, Littel and Jacobi','Voluptas aut qui sint dignissimos quam et quae eum. Laudantium veritatis quisquam labore ducimus facere quidem. Cumque nihil at et et autem. Sapiente voluptate et in suscipit ex.','books/book-8.jpg','1977-04-21',269,'2025-01-08 14:55:55','2025-01-08 14:55:55'),
(43,'Cremin-Heidenreich','Nihil qui tempora eum quisquam aut laboriosam. Accusamus cupiditate doloremque doloremque velit reiciendis labore velit. Quo et eum et vero pariatur fugit beatae. Est rerum nam voluptatem molestiae. Vel omnis consequatur quis quod.','books/book-1.jpg','1996-01-23',472,'2025-01-08 14:55:55','2025-01-08 14:55:55'),
(44,'Barrows-Anderson','Sint quisquam eveniet nisi aut ut. Nihil et dolores consequatur quam tempora vel. Necessitatibus assumenda deserunt porro nisi. Harum quaerat id sed provident consequatur. Dolorem rerum vero doloribus ea.','books/book-2.jpg','2011-03-16',230,'2025-01-08 14:55:55','2025-01-08 14:55:55'),
(45,'Larson-Sanford','Tenetur iusto tempore perspiciatis deserunt. Et id vel sed ea alias eius rerum neque. Ab perferendis molestias nesciunt expedita ut. Beatae modi est aliquam error quia maiores.','books/book-5.jpg','1976-04-18',367,'2025-01-08 14:55:55','2025-01-08 14:55:55'),
(46,'Balistreri and Sons','Culpa sequi dignissimos ducimus in quos saepe error. Tempore saepe distinctio veniam blanditiis molestiae soluta voluptatem. Quo occaecati veritatis sed voluptatem.','books/book-4.jpg','1989-11-26',375,'2025-01-08 14:55:55','2025-01-08 14:55:55'),
(47,'Bruen and Sons','Nemo ea quia id illo ut. Velit earum ipsam laboriosam qui cumque facere. Est asperiores libero provident ut.','books/book-4.jpg','2024-08-30',275,'2025-01-08 14:55:55','2025-01-08 14:55:55'),
(48,'Huels-Jacobi','Non pariatur voluptates doloremque et occaecati dolore fuga. Reiciendis deserunt modi ea fugit. Qui est rerum asperiores soluta facilis. Harum dignissimos eligendi iure magnam et modi cumque iusto.','books/book-8.jpg','2016-10-07',238,'2025-01-08 14:55:55','2025-01-08 14:55:55'),
(49,'Zieme-Schiller','Cupiditate sit aut et a ut. Et aliquam sed libero numquam totam.','books/book-5.jpg','1978-01-26',464,'2025-01-08 14:55:55','2025-01-08 14:55:55'),
(50,'Reichert Ltd','Nobis consequatur harum neque quibusdam et. Ducimus non sint sit doloremque. Perferendis enim reprehenderit dolorem vel magnam ipsam repellat.','books/book-6.jpg','2004-01-16',91,'2025-01-08 14:55:55','2025-01-08 14:55:55'),
(51,'Braun, Abbott and Rodriguez','Libero ut exercitationem rerum iste. Aut recusandae vitae voluptatem porro nesciunt doloribus. Sit sint aliquam odit libero.','books/book-5.jpg','1976-10-14',159,'2025-01-08 14:55:55','2025-01-08 14:55:55'),
(52,'Smith PLC','Hic veniam qui sit corrupti ut repudiandae est. Sint maiores sed qui accusantium et. Veniam officia facere qui error eum mollitia est. Dolores quas aut sunt non ut sunt temporibus.','books/book-5.jpg','2014-04-23',18,'2025-01-08 14:55:55','2025-01-08 14:55:55'),
(53,'Stark-Prosacco','Excepturi quia incidunt consectetur facere expedita soluta. Qui et pariatur dolores molestiae. Cumque consequatur praesentium voluptatibus quos dignissimos quisquam officia. Inventore voluptatem sit labore corrupti dolore et aspernatur rerum.','books/book-2.jpg','1979-05-29',328,'2025-01-08 14:55:55','2025-01-08 14:55:55'),
(54,'Renner, Hintz and Murphy','Ut et labore aut non. Velit voluptas quis nihil accusantium rem laudantium cumque. Veritatis non ea et sit sint sint. Et voluptas consequatur quia veritatis illum.','books/book-5.jpg','2016-02-22',207,'2025-01-08 14:55:56','2025-01-08 14:55:56'),
(55,'Gusikowski-Walter','Eius in ullam voluptatum impedit occaecati fugit. Itaque soluta laudantium architecto adipisci aut. Molestiae fugiat eveniet sed laborum voluptates molestiae reiciendis.','books/book-1.jpg','1986-01-10',261,'2025-01-08 14:55:56','2025-01-08 14:55:56'),
(56,'Parker Inc','Delectus sunt molestiae pariatur molestias harum doloremque. Laborum maxime ipsum inventore quis est. Unde quibusdam quis aut laboriosam optio.','books/book-3.jpg','1983-11-06',130,'2025-01-08 14:55:56','2025-01-08 14:55:56'),
(57,'Stracke-Champlin','Velit ducimus aspernatur ab alias hic ea. Fugit nisi quidem sit perferendis.','books/book-3.jpg','2007-09-14',402,'2025-01-08 14:55:56','2025-01-08 14:55:56'),
(58,'Abernathy, Bergstrom and Harvey','Vel dolorem officiis voluptatum unde. Voluptatem qui voluptas ut nostrum delectus.','books/book-5.jpg','1987-10-19',391,'2025-01-08 14:55:56','2025-01-08 14:55:56'),
(59,'Terry Group','Hic ut neque dolore omnis rerum maxime. Qui necessitatibus incidunt saepe nesciunt eveniet excepturi quibusdam. Sit voluptatem et doloremque impedit pariatur tempore nam.','books/book-7.jpg','2014-07-12',271,'2025-01-08 14:55:56','2025-01-08 14:55:56'),
(60,'Erdman, Witting and Luettgen','Consequatur voluptate qui magni cupiditate non. Qui tenetur vel voluptatum sint consequatur. Possimus totam nostrum possimus aut id quo aut.','books/book-6.jpg','2019-12-21',126,'2025-01-08 14:55:56','2025-01-08 14:55:56'),
(61,'Abbott and Sons','Veniam incidunt est rerum libero magni. Dolore asperiores totam ad est quia enim. Exercitationem aut voluptas repellat maiores ea.','books/book-4.jpg','2005-09-09',371,'2025-01-08 14:55:56','2025-01-08 14:55:56'),
(62,'Labadie, Cummings and Kunde','Ut ad veritatis vitae non omnis. Voluptates assumenda et quia perferendis perspiciatis. Perferendis mollitia numquam porro distinctio illum iste. Eligendi sunt non reprehenderit blanditiis.','books/book-6.jpg','2006-07-25',330,'2025-01-08 14:55:56','2025-01-08 14:55:56'),
(63,'Okuneva PLC','Vitae est ducimus vel quod. In nihil rerum inventore est nobis.','books/book-5.jpg','1986-03-30',47,'2025-01-08 14:55:56','2025-01-08 14:55:56'),
(64,'Welch PLC','Suscipit eos magnam deleniti nesciunt exercitationem. Voluptates sint qui consequatur occaecati dolores dolores perspiciatis. Accusantium iste sunt sapiente. Qui ipsa accusantium minus cumque perspiciatis cum.','books/book-1.jpg','2004-02-04',228,'2025-01-08 14:55:56','2025-01-08 14:55:56'),
(65,'Wiegand-Bartoletti','Aperiam optio dolores corporis libero odit quis. Ut temporibus sunt vitae harum rem ut. Voluptatibus dolorem occaecati iure dolor earum neque est.','books/book-4.jpg','1994-01-04',237,'2025-01-08 14:55:56','2025-01-08 14:55:56'),
(66,'Dach, Glover and Russel','Et dolor nam eos doloribus neque. Laborum omnis autem aut sequi. Ut doloremque veniam quia nostrum.','books/book-5.jpg','2014-07-12',361,'2025-01-08 14:55:56','2025-01-08 14:55:56'),
(67,'Rohan, Jakubowski and Murphy','Vitae qui occaecati unde corporis. Tempore eos corrupti eius est libero.','books/book-3.jpg','1990-07-29',47,'2025-01-08 14:55:56','2025-01-08 14:55:56'),
(68,'Walter-Rutherford','Esse repellat nihil expedita assumenda iste placeat. Quia eligendi est voluptas autem vitae sit molestias. Est saepe minima ullam quos. Commodi vel et eos nostrum. Quasi voluptas consequatur voluptates optio aut.','books/book-7.jpg','1982-11-06',158,'2025-01-08 14:55:56','2025-01-08 14:55:56'),
(69,'Littel-Swaniawski','Inventore quo reiciendis soluta quae velit impedit esse. Ratione officia voluptatem consequatur natus omnis aut soluta dolores. Quo perspiciatis harum beatae soluta illo.','books/book-4.jpg','1997-04-22',128,'2025-01-08 14:55:56','2025-01-08 14:55:56'),
(70,'Schmitt-Will','Veniam ab dolorem molestiae. Maiores voluptas facilis voluptatem et quo aut. Consectetur dolorem eum dicta sapiente ipsa illum odio. Amet ea et tenetur magni quasi.','books/book-8.jpg','1971-06-29',251,'2025-01-08 14:55:56','2025-01-08 14:55:56'),
(71,'Skiles-Walter','Quo voluptas animi a esse illum consequatur enim. Necessitatibus rerum eveniet iure sed. Ut quo omnis minima minima. Vitae tempore quia et eligendi quae ut.','books/book-3.jpg','2003-05-26',248,'2025-01-08 14:55:56','2025-01-08 14:55:56'),
(72,'Will Inc','Qui similique et aliquam explicabo dicta. Unde soluta officiis officia et et delectus nemo temporibus. Sapiente omnis reiciendis rerum quam repellat ut.','books/book-6.jpg','1982-08-02',243,'2025-01-08 14:55:56','2025-01-08 14:55:56'),
(73,'Runolfsson-Moore','Vel et molestias dicta sed expedita natus accusamus corrupti. Accusantium voluptatum commodi ut doloribus ex. Vel ut asperiores id ea ducimus laborum praesentium velit. Consequatur nulla molestias vel officia.','books/book-6.jpg','1970-10-15',397,'2025-01-08 14:55:56','2025-01-08 14:55:56'),
(74,'Collier, Champlin and Wunsch','Non rem dolores amet dolorem eligendi optio et. Iusto autem facere qui est quibusdam. Quia quia aut dolor magni expedita itaque voluptas.','books/book-6.jpg','2015-06-18',244,'2025-01-08 14:55:56','2025-01-08 14:55:56'),
(75,'Batz, Lebsack and Beatty','Eum ducimus et et reiciendis qui maxime eligendi. Quis nemo id natus. Amet sit error adipisci hic est esse nulla nihil. Quia dicta nihil soluta illum incidunt neque voluptatibus.','books/book-2.jpg','1974-04-27',408,'2025-01-08 14:55:56','2025-01-08 14:55:56'),
(76,'Murphy and Sons','Dolore veritatis aut autem et optio eius ut nostrum. Ducimus non facilis incidunt omnis. Consectetur qui ullam ex rerum neque.','books/book-6.jpg','1979-03-06',436,'2025-01-08 14:55:56','2025-01-08 14:55:56'),
(77,'Hayes LLC','Ratione ut laudantium fugiat temporibus debitis omnis. Soluta totam accusamus consequatur. Dicta ipsa aliquid et aut saepe hic ab.','books/book-7.jpg','1982-05-03',287,'2025-01-08 14:55:56','2025-01-08 14:55:56'),
(78,'Kirlin, Mante and Dooley','Vero qui officiis cumque ipsum ratione rerum ut. Sunt reprehenderit libero similique. Possimus sint sit libero aut reiciendis sed quia. Cumque id quia unde accusantium id dolorem quos qui.','books/book-7.jpg','2011-09-03',211,'2025-01-08 14:55:56','2025-01-08 14:55:56'),
(79,'Pollich-McLaughlin','Illum ut ut voluptates fugit aut voluptates. Recusandae accusamus molestiae id. Dolorum similique tempora enim eveniet blanditiis quisquam.','books/book-2.jpg','1983-07-12',404,'2025-01-08 14:55:56','2025-01-08 14:55:56'),
(80,'Jakubowski, Bartoletti and Toy','Sed ut sunt pariatur in. Cupiditate aliquam sunt similique quasi velit officia ducimus quisquam. Beatae nam in voluptas. Neque dolores fuga eaque necessitatibus.','books/book-5.jpg','2014-06-29',27,'2025-01-08 14:55:56','2025-01-08 14:55:56'),
(81,'Weissnat-Oberbrunner','Veritatis esse a quae voluptate saepe. Quis neque nobis magnam rerum illo aut neque alias. Quia magnam enim voluptatum dolores sequi sed est laboriosam.','books/book-4.jpg','2019-04-19',474,'2025-01-08 14:55:56','2025-01-08 14:55:56'),
(82,'Botsford, Kihn and Mosciski','Ab mollitia aut laboriosam et. Dicta autem sit provident voluptates rerum iusto. Sed pariatur voluptatum mollitia voluptas voluptatem sequi enim. Fugit officia magni praesentium doloribus.','books/book-7.jpg','2010-10-18',7,'2025-01-08 14:55:56','2025-01-08 14:55:56'),
(83,'Cormier, Miller and Treutel','Quidem minus eos nemo. Voluptatem aut blanditiis minima architecto sit iusto. Incidunt velit aliquid laborum sint.','books/book-1.jpg','2019-10-17',311,'2025-01-08 14:55:56','2025-01-08 14:55:56'),
(84,'Barton Ltd','Vitae praesentium quia a aut fugiat dolores. Dolore est accusamus placeat omnis praesentium et. Ducimus sunt nihil ipsam sequi at dolorem numquam. Quos odio corporis facere perspiciatis quo laudantium.','books/book-3.jpg','2011-07-10',344,'2025-01-08 14:55:56','2025-01-08 14:55:56'),
(85,'Adams, Upton and Dickens','Quo aliquid officia voluptas libero ad rerum corporis. Velit est ut placeat iure. Sed autem eligendi eaque veniam ut cumque ex. Eos rerum consequatur necessitatibus deserunt quia dolores ea et.','books/book-7.jpg','2000-12-29',197,'2025-01-08 14:55:56','2025-01-08 14:55:56'),
(86,'Grady, Luettgen and West','Earum animi facere dolore ut quo placeat. Officiis fuga quis id sed ut ipsa. Nihil error quaerat inventore quia.','books/book-4.jpg','1991-11-18',104,'2025-01-08 14:55:56','2025-01-08 14:55:56'),
(87,'Christiansen PLC','Ratione est doloremque quo. Quia nesciunt reiciendis qui nesciunt asperiores dolores nesciunt. Odio illum et amet et. Soluta possimus velit minima perferendis ut incidunt.','books/book-4.jpg','2018-12-31',356,'2025-01-08 14:55:56','2025-01-08 14:55:56'),
(88,'Conroy, Stoltenberg and Schowalter','Est dolore et omnis facere quae. Sed est quo deleniti molestias eius velit quidem minima. Sit explicabo at omnis ea dolorem quia. Sequi ut odio excepturi sequi optio cupiditate.','books/book-1.jpg','1984-09-03',18,'2025-01-08 14:55:56','2025-01-08 14:55:56'),
(89,'Crooks-Wyman','Itaque sed ut quia. Non sit molestias at dolorum. Alias id dolorum veniam odio nostrum aut officiis. Dolores hic voluptatem tempore qui minus qui explicabo aut.','books/book-5.jpg','2023-08-06',456,'2025-01-08 14:55:56','2025-01-08 14:55:56'),
(90,'Beer-Langosh','Exercitationem qui excepturi iusto ullam. Dolorem aut occaecati provident nihil. Et sunt quod rerum officia aut.','books/book-4.jpg','1996-05-14',275,'2025-01-08 14:55:56','2025-01-08 14:55:56'),
(91,'Pfeffer Group','Architecto rerum nisi quidem sed enim ex odio. Et possimus voluptatum vel eius. Quam veniam non fugiat aut autem temporibus aliquid culpa. Reiciendis velit voluptatum ea exercitationem id eos.','books/book-4.jpg','1990-03-03',301,'2025-01-08 14:55:56','2025-01-08 14:55:56'),
(92,'Hackett, Miller and Jacobi','Optio sit ut totam nihil voluptatum. Ducimus ut pariatur ut animi. Porro maiores qui non fugit iusto tempore occaecati non.','books/book-6.jpg','2017-04-01',304,'2025-01-08 14:55:56','2025-01-08 14:55:56'),
(93,'Windler, Rippin and Bartell','Fugit molestias soluta iste amet dolorem. Qui laudantium harum voluptatum rem iure autem ea. Consectetur quam eaque cum totam. Impedit ullam eveniet iure voluptatibus mollitia cumque illo.','books/book-3.jpg','1989-12-02',82,'2025-01-08 14:55:56','2025-01-08 14:55:56'),
(94,'Stanton, O\'Hara and Hettinger','Est aperiam deserunt suscipit fugiat quis nesciunt doloremque consequatur. Commodi blanditiis recusandae error nihil.','books/book-5.jpg','2015-02-11',12,'2025-01-08 14:55:56','2025-01-08 14:55:56'),
(95,'Skiles, Kovacek and Hegmann','Et modi impedit sint. At laudantium doloremque quibusdam accusantium odit. Id beatae officiis provident facilis quos laborum. Enim ipsam explicabo assumenda quia.','books/book-3.jpg','1977-10-10',214,'2025-01-08 14:55:56','2025-01-08 14:55:56'),
(96,'Brekke-Bernhard','Occaecati placeat omnis enim porro ad sapiente temporibus. Voluptatem dicta dolorem inventore tempora laborum.','books/book-3.jpg','1972-05-15',448,'2025-01-08 14:55:56','2025-01-08 14:55:56'),
(97,'Turner, Runte and Douglas','Magnam et atque non libero reiciendis exercitationem voluptates. Quis iste quo velit dicta. Quis et inventore velit molestiae labore explicabo repudiandae repellendus. Ipsa laboriosam aut assumenda quaerat nobis occaecati.','books/book-2.jpg','2019-12-03',480,'2025-01-08 14:55:56','2025-01-08 14:55:56'),
(98,'Luettgen, Hayes and Hayes','Quis enim a eos occaecati. Modi eaque omnis labore dolorum voluptas sapiente. Excepturi aut possimus delectus.','books/book-2.jpg','2006-01-07',25,'2025-01-08 14:55:56','2025-01-08 14:55:56'),
(99,'Kuhlman Group','Nesciunt voluptates quas voluptatem doloribus. Ea dolores sunt quis natus dolor. Dolor dolores harum libero maiores quasi rerum. In architecto ut nisi velit assumenda ullam enim quibusdam.','books/book-7.jpg','1971-08-31',420,'2025-01-08 14:55:56','2025-01-08 14:55:56'),
(100,'Kovacek, Weissnat and Murray','Quibusdam voluptas in molestiae ex vel eum. Corporis qui debitis quia sed nihil nesciunt dolor. Ducimus eos earum architecto nulla ut ratione.','books/book-1.jpg','1976-04-29',140,'2025-01-08 14:55:56','2025-01-08 14:55:56'),
(101,'Moen, Schmitt and Jenkins','Debitis suscipit temporibus voluptatibus perferendis dolores aut. Eius reiciendis veniam deleniti quaerat facilis ut. Dolores autem nobis sint adipisci labore. Qui id dignissimos odio.','books/book-4.jpg','2015-03-19',310,'2025-01-08 14:55:56','2025-01-08 14:55:56'),
(102,'Davis and Sons','Similique ut cumque deleniti doloremque quibusdam. Quas voluptas voluptates quia molestiae et. Nisi sint voluptas aut pariatur vel maiores totam in.','books/book-4.jpg','2007-08-30',474,'2025-01-08 14:55:56','2025-01-08 14:55:56'),
(103,'Botsford-Nienow','Ut dignissimos labore ipsum aut reprehenderit neque qui. Minima non occaecati aut incidunt. In tempore temporibus et animi. Quam magni necessitatibus ut voluptas aperiam nihil dicta.','books/book-6.jpg','1970-01-29',352,'2025-01-08 14:55:56','2025-01-08 14:55:56'),
(104,'Romaguera-Gleason','Culpa repellendus tempora id amet dolor itaque. Hic et aut est sed debitis. Vero dicta nostrum pariatur dolore quia libero qui. Sunt rerum quaerat facilis voluptatem voluptas. Unde reprehenderit aut autem rerum eveniet omnis.','books/book-5.jpg','1995-06-11',441,'2025-01-08 14:55:56','2025-01-08 14:55:56'),
(105,'Tillman-Cremin','Aspernatur soluta voluptates esse eos. Dolore sint cumque cumque et ab. Ipsum natus eaque rerum totam.','books/book-3.jpg','1971-12-27',76,'2025-01-08 14:55:56','2025-01-08 14:55:56'),
(106,'Kerluke LLC','Quia odio et est. Pariatur aliquid delectus qui commodi eligendi dolor.','books/book-2.jpg','1974-03-29',101,'2025-01-08 14:55:56','2025-01-08 14:55:56'),
(107,'Paucek-Schaden','Earum voluptatum quasi consequatur voluptas sed doloremque. Sed ea natus molestiae dignissimos. Tenetur iusto suscipit mollitia voluptatem eligendi culpa dolores. Vel velit nihil aut aut sint iusto.','books/book-5.jpg','1992-07-21',428,'2025-01-08 14:55:56','2025-01-08 14:55:56'),
(108,'Hettinger, Stracke and Hane','Ad et atque quas labore. Neque sit quis nisi enim aut voluptatum debitis id. Et doloribus ea omnis molestiae exercitationem aut. Maiores aut vel laborum autem aut voluptatem dolores. Eius quia consequuntur totam et quaerat excepturi facilis.','books/book-7.jpg','1990-08-26',316,'2025-01-08 14:55:56','2025-01-08 14:55:56'),
(109,'Franecki-Grady','Et dolor provident omnis vel. Omnis quas aperiam nostrum distinctio sed nihil. Nihil est voluptas accusamus dolorum. Et dignissimos cupiditate qui accusamus soluta veniam est.','books/book-6.jpg','2017-04-02',424,'2025-01-08 14:55:56','2025-01-08 14:55:56'),
(110,'Beer Inc','Sed quam ut numquam omnis aspernatur voluptatem. Et ut id eligendi sit inventore velit. Neque reprehenderit impedit quaerat excepturi fugit.','books/book-2.jpg','1976-03-30',488,'2025-01-08 14:55:56','2025-01-08 14:55:56'),
(111,'Wilkinson-Franecki','Ipsam qui itaque quidem est doloribus optio. Est autem sed omnis esse voluptatem. Animi quam autem eaque nemo iure voluptatem omnis.','books/book-3.jpg','1978-10-01',94,'2025-01-08 14:55:56','2025-01-08 14:55:56'),
(112,'O\'Conner Ltd','Qui laudantium nobis perferendis itaque quae reiciendis deleniti. Maxime modi ut consectetur maxime. Reiciendis dolorem dolorem omnis ab. Mollitia officia voluptatem explicabo et quidem nobis qui quas.','books/book-8.jpg','2005-04-07',5,'2025-01-08 14:55:56','2025-01-08 14:55:56'),
(113,'Rutherford-Hackett','Est est sunt incidunt possimus vero. Et quam ut dolor. Esse est accusamus tenetur doloremque eum earum accusantium. Eveniet et natus sit occaecati. Nesciunt qui possimus quos sint ut doloremque.','books/book-6.jpg','2006-09-19',202,'2025-01-08 14:55:56','2025-01-08 14:55:56'),
(114,'VonRueden Group','Autem sit omnis id ut temporibus eveniet sed. Deserunt dolor autem facilis et. Unde quia est earum quibusdam.','books/book-6.jpg','2012-12-03',188,'2025-01-08 14:55:56','2025-01-08 14:55:56'),
(115,'West Inc','Aut minus eligendi veritatis. Fuga illo recusandae dolorem sint nam et nostrum et. Sequi et dolores vel molestiae corrupti dicta provident. Qui tempore laboriosam omnis porro qui.','books/book-2.jpg','1975-09-22',292,'2025-01-08 14:55:56','2025-01-08 14:55:56'),
(116,'Kulas Inc','Sit optio fuga ea consequuntur reiciendis sint. Et cupiditate quia doloremque vero fugit aut. Exercitationem repellat quia repudiandae voluptatem temporibus quod asperiores. Excepturi est delectus dicta delectus.','books/book-5.jpg','2008-06-24',20,'2025-01-08 14:55:56','2025-01-08 14:55:56'),
(117,'Russel, Schmidt and Kohler','Officiis minima sequi nesciunt id sequi. Deleniti architecto nihil voluptates et facere. Nemo architecto alias nostrum numquam expedita. Mollitia consequatur est nesciunt minima autem ut harum.','books/book-3.jpg','2006-07-15',15,'2025-01-08 14:55:56','2025-01-08 14:55:56'),
(118,'Romaguera Ltd','Eum similique ratione molestiae delectus sint velit officiis. Molestias ipsum enim maxime sint cum architecto. Accusamus laudantium mollitia repellat dolorem eum.','books/book-2.jpg','1995-03-26',365,'2025-01-08 14:55:56','2025-01-08 14:55:56'),
(119,'Crooks-Okuneva','Ea non quam unde voluptatem. Accusantium non quia sed ea incidunt saepe modi vero. Fuga tenetur et repellendus iste sint.','books/book-6.jpg','2010-11-21',221,'2025-01-08 14:55:56','2025-01-08 14:55:56'),
(120,'Boehm and Sons','Ex maxime laboriosam autem et quam. Odio praesentium harum et deserunt qui necessitatibus est. Facere praesentium eligendi tempora autem officia qui eos.','books/book-5.jpg','2010-05-17',488,'2025-01-08 14:55:56','2025-01-08 14:55:56'),
(121,'Gislason, Thiel and Swift','Debitis tenetur et porro debitis exercitationem et exercitationem. Repellendus ex laboriosam perferendis ipsum velit ipsam adipisci iste. Ex recusandae hic aut quis omnis autem. Quisquam similique eos asperiores tenetur aperiam. Dolor rerum sit vel corrupti repellendus dolor cum earum.','books/book-7.jpg','2010-01-04',42,'2025-01-08 14:55:56','2025-01-08 14:55:56'),
(122,'Rohan-Marquardt','Ad sint blanditiis omnis omnis explicabo architecto rerum. Nam magnam dicta facilis nesciunt laborum. Non neque quaerat excepturi aut et distinctio. Rerum nisi voluptatibus quia reprehenderit necessitatibus minus quibusdam.','books/book-3.jpg','2013-01-23',111,'2025-01-08 14:55:56','2025-01-08 14:55:56'),
(123,'Hodkiewicz-Ritchie','Dolorem ut tenetur sed non expedita doloribus soluta. Nobis iusto commodi voluptas aut ab. Facere corporis harum et sunt officiis.','books/book-8.jpg','1983-03-08',296,'2025-01-08 14:55:56','2025-01-08 14:55:56'),
(124,'Dicki Ltd','Corrupti qui esse architecto alias sunt corporis iusto. Facilis et cupiditate tempore harum quia. Quam enim minus esse nemo ducimus.','books/book-5.jpg','1972-11-03',341,'2025-01-08 14:55:56','2025-01-08 14:55:56'),
(125,'Runte Inc','Quisquam omnis aut vero quo molestiae ratione libero. Esse amet amet saepe ut vel ipsam. Qui nulla ut corrupti eum. Tempore ut sunt est optio numquam.','books/book-2.jpg','2016-05-09',225,'2025-01-08 14:55:56','2025-01-08 14:55:56'),
(126,'Kozey Inc','Alias rem numquam qui excepturi sed rerum voluptates. Iure quia aperiam totam quidem tenetur. Optio architecto delectus vel enim blanditiis cupiditate beatae.','books/book-5.jpg','1999-07-16',152,'2025-01-08 14:55:56','2025-01-08 14:55:56'),
(127,'Bahringer Inc','Impedit hic explicabo sit dicta autem. Iusto assumenda voluptatem aut vitae doloremque dolor minus quibusdam. Ratione rerum in accusantium accusamus corrupti earum excepturi.','books/book-4.jpg','2014-04-07',482,'2025-01-08 14:55:56','2025-01-08 14:55:56'),
(128,'Kshlerin, Orn and Rolfson','Sunt eos et unde veritatis exercitationem. Aut aspernatur et consequatur quod cupiditate.','books/book-1.jpg','2009-10-04',185,'2025-01-08 14:55:56','2025-01-08 14:55:56'),
(129,'Frami, Turcotte and Zboncak','Accusamus quasi deleniti aliquid et velit delectus. Occaecati in harum tenetur aliquid sunt. In qui dolorem velit repellendus debitis. Cumque dolor et dignissimos.','books/book-1.jpg','1989-07-14',337,'2025-01-08 14:55:56','2025-01-08 14:55:56'),
(130,'Kerluke Group','Nihil quaerat accusamus sint numquam dolor est beatae. Error explicabo itaque iure dolor. Ut veritatis quis quis ipsa accusamus eum ab.','books/book-7.jpg','2002-03-20',327,'2025-01-08 14:55:56','2025-01-08 14:55:56'),
(131,'Pfannerstill Ltd','Qui mollitia vel et rem odit. Commodi sit quia ducimus. Tempora vel sunt eveniet et.','books/book-5.jpg','2024-10-15',403,'2025-01-08 14:55:56','2025-01-08 14:55:56'),
(132,'Altenwerth, Leuschke and Wyman','Cum harum quisquam deserunt et cumque eaque. Consequatur commodi placeat sunt quod. Non minima omnis non doloribus accusantium.','books/book-1.jpg','2012-12-26',118,'2025-01-08 14:55:56','2025-01-08 14:55:56'),
(133,'Wisoky Ltd','Rem tenetur id repudiandae quibusdam similique laudantium voluptas. Voluptatum et repudiandae harum est. Earum harum repellat labore dicta ut ea. Modi non blanditiis est similique perspiciatis exercitationem. Accusamus tempora vel quis autem.','books/book-1.jpg','2019-01-25',156,'2025-01-08 14:55:56','2025-01-08 14:55:56'),
(134,'Tillman-Larkin','Saepe error vitae omnis quia atque aliquid. Fugiat quia non dolorum culpa ipsum voluptatem aspernatur. Veritatis dolorem quisquam vitae aspernatur cupiditate repellendus.','books/book-4.jpg','2017-03-24',489,'2025-01-08 14:55:56','2025-01-08 14:55:56'),
(135,'Rogahn, Lind and Kuhn','Impedit hic debitis enim sit est ut occaecati. Sunt doloribus eum rerum. Ducimus mollitia nihil excepturi animi quas debitis.','books/book-8.jpg','1979-04-30',148,'2025-01-08 14:55:56','2025-01-08 14:55:56'),
(136,'Okuneva, Strosin and Gislason','Dolor labore voluptates mollitia architecto sit. Qui et vitae quidem vel ut totam. Vel voluptatibus autem nulla est voluptates. In porro officia nobis enim velit corrupti facilis. Dolor totam sunt aperiam nemo atque inventore.','books/book-1.jpg','2018-06-11',108,'2025-01-08 14:55:56','2025-01-08 14:55:56'),
(137,'Rowe, Heaney and Bergnaum','Distinctio officiis non pariatur. Nesciunt consequatur cupiditate cum optio vitae vero quo. Explicabo repellendus cum magni.','books/book-4.jpg','1979-04-02',485,'2025-01-08 14:55:56','2025-01-08 14:55:56'),
(138,'Jakubowski, Hudson and Lemke','Eveniet commodi quod nemo amet occaecati minima error cupiditate. Deleniti enim dicta similique quasi ut. Natus perferendis neque rerum ipsum.','books/book-5.jpg','2008-09-20',62,'2025-01-08 14:55:56','2025-01-08 14:55:56'),
(139,'O\'Kon-Upton','Neque veritatis veritatis ullam necessitatibus. Quo tempora pariatur qui et tempora. Consequatur voluptatibus autem reiciendis. Illum eaque dignissimos sunt ut eos tempora optio.','books/book-2.jpg','1984-03-27',148,'2025-01-08 14:55:56','2025-01-08 14:55:56'),
(140,'Farrell-Gerhold','Dolorum hic est doloribus nobis. Ab officia quaerat commodi cupiditate molestias ut dolores. Fugit dicta repellat sint aspernatur expedita provident.','books/book-4.jpg','1991-07-14',131,'2025-01-08 14:55:56','2025-01-08 14:55:56'),
(141,'Rodriguez-Luettgen','Aliquam distinctio cupiditate perspiciatis adipisci quia vel. Est impedit qui commodi eum rerum. Quisquam hic iusto beatae exercitationem illo fugiat.','books/book-6.jpg','1997-01-07',124,'2025-01-08 14:55:56','2025-01-08 14:55:56'),
(142,'Beer, Reichel and Johnson','Recusandae est voluptatum quo. Accusamus eius modi ut facilis architecto veniam voluptatibus ipsa. Voluptatibus deleniti omnis rem in natus et consequuntur. Eveniet nesciunt aut doloremque qui voluptatem iste aut.','books/book-7.jpg','1989-08-03',192,'2025-01-08 14:55:56','2025-01-08 14:55:56'),
(143,'Batz and Sons','Odit cumque autem corporis qui esse nisi reprehenderit. Error libero quae nobis. Ex et delectus molestias consequuntur.','books/book-4.jpg','2002-03-03',380,'2025-01-08 14:55:56','2025-01-08 14:55:56'),
(144,'Hamill, Wyman and Sporer','Enim officiis et sapiente maiores sit. Amet vel tempore excepturi voluptatem beatae. Maiores veritatis iure aut laudantium. Eum dolores expedita dolor blanditiis et nam quas.','books/book-8.jpg','1997-12-15',441,'2025-01-08 14:55:56','2025-01-08 14:55:56'),
(145,'Berge, Wuckert and Turner','Molestiae consequatur eius ut ut. Cum sapiente sunt quae et inventore voluptatum. Consequuntur a dolores tempore error dignissimos quia.','books/book-3.jpg','1992-04-09',69,'2025-01-08 14:55:56','2025-01-08 14:55:56'),
(146,'Mosciski PLC','Suscipit et unde voluptas fuga laborum pariatur et. Temporibus qui reprehenderit culpa ea deleniti sed voluptatibus. Fugiat quaerat eius dolorem ipsa dolorem et.','books/book-6.jpg','1984-02-29',126,'2025-01-08 14:55:56','2025-01-08 14:55:56'),
(147,'Ebert Group','Eum accusantium sit sint nihil sed. Error omnis non dolores modi. Nostrum quas consequuntur ut nesciunt amet veritatis. Pariatur et consequuntur quae aperiam et.','books/book-6.jpg','1976-01-18',169,'2025-01-08 14:55:56','2025-01-08 14:55:56'),
(148,'Hyatt Ltd','Consequuntur quia similique quam sed. Consequuntur ea consequatur et animi.','books/book-4.jpg','1997-05-23',139,'2025-01-08 14:55:56','2025-01-08 14:55:56'),
(149,'Stark LLC','Placeat et voluptate cum modi dolorem fuga. Expedita deleniti qui neque et tempora dolorem et. Quidem quasi nostrum esse labore. Aut possimus aut necessitatibus amet eos cupiditate necessitatibus sint.','books/book-7.jpg','2012-10-17',293,'2025-01-08 14:55:56','2025-01-08 14:55:56'),
(150,'Prosacco, Bode and Hermann','Ducimus cumque ad dolorum qui. Accusantium magni atque consequatur quidem consectetur aut. Similique veritatis quo dolor quia suscipit aliquid rerum.','books/book-1.jpg','2010-09-23',491,'2025-01-08 14:55:56','2025-01-08 14:55:56'),
(151,'Cartwright-Bernier','Consequatur omnis magni eaque recusandae asperiores. Qui delectus aspernatur perspiciatis sed dignissimos in et. Consequatur blanditiis enim est sequi qui labore et. Adipisci ex non et quidem repellendus. Nobis nobis inventore distinctio consequatur.','books/book-8.jpg','2022-12-08',446,'2025-01-08 14:55:56','2025-01-08 14:55:56'),
(152,'Schaefer, Lebsack and Gislason','Amet facilis autem exercitationem. Recusandae consequatur porro ut eius ipsam. Fugiat veniam aliquid in quos officiis et.','books/book-6.jpg','2008-10-04',7,'2025-01-08 14:55:56','2025-01-08 14:55:56'),
(153,'Champlin-Kunze','Et eaque at officiis et aut est ut. Maxime culpa est distinctio eveniet deleniti autem. Maxime omnis officiis perspiciatis ut reprehenderit. Eum consectetur exercitationem tempore molestias eveniet totam culpa.','books/book-5.jpg','2000-10-11',458,'2025-01-08 14:55:56','2025-01-08 14:55:56'),
(154,'Botsford and Sons','Nemo voluptatum dolor tempore laboriosam. Minima debitis beatae reiciendis rerum officiis. Cumque veniam in minima nesciunt.','books/book-1.jpg','1975-04-20',153,'2025-01-08 14:55:56','2025-01-08 14:55:56'),
(155,'Stamm Ltd','At deserunt molestiae veritatis qui consequatur eaque ullam sunt. Nihil officia aliquam quis nemo ullam amet excepturi. Similique sed expedita qui.','books/book-4.jpg','1990-10-20',479,'2025-01-08 14:55:56','2025-01-08 14:55:56'),
(156,'Gorczany and Sons','In rem est aut similique porro. Repellendus maxime ex ea porro quisquam. Architecto harum veritatis molestiae nemo et. Quia cum odio beatae quos.','books/book-7.jpg','2005-08-04',431,'2025-01-08 14:55:56','2025-01-08 14:55:56'),
(157,'Schmitt, Koelpin and Howe','Id nam eveniet iste necessitatibus. Eos excepturi consequatur voluptatibus deleniti asperiores veritatis ipsa occaecati. Molestiae voluptate dolor qui provident esse sint ut.','books/book-1.jpg','1991-05-21',280,'2025-01-08 14:55:56','2025-01-08 14:55:56'),
(158,'Kunze-Murray','Nulla ipsa non dignissimos. Aspernatur sunt et quia est doloremque. Illo iste quod labore ipsam dolor est dolorum ex. Quo quaerat et animi sed minus quam.','books/book-3.jpg','2007-08-05',399,'2025-01-08 14:55:56','2025-01-08 14:55:56'),
(159,'Pagac, Moen and Sawayn','Adipisci excepturi eum sit deleniti mollitia dicta. Deserunt repellat eum illum assumenda saepe dignissimos dolores. Voluptatem molestiae ex quaerat deserunt in sit.','books/book-4.jpg','1977-01-07',372,'2025-01-08 14:55:56','2025-01-08 14:55:56'),
(160,'Rosenbaum-Fadel','Aliquam aut sunt soluta est quis. Omnis expedita aperiam sit ratione optio. Blanditiis dicta similique exercitationem nemo architecto nihil nihil. Et qui quia est beatae fugiat dignissimos.','books/book-2.jpg','1988-12-09',309,'2025-01-08 14:55:56','2025-01-08 14:55:56'),
(161,'Marks, Toy and Connelly','Sed eos nobis fuga quis. Corrupti eveniet qui perspiciatis earum nihil omnis omnis quis.','books/book-3.jpg','1983-07-11',417,'2025-01-08 14:55:56','2025-01-08 14:55:56'),
(162,'Gibson, Hilpert and McGlynn','Earum illum sint debitis consectetur quaerat. Quas nemo laboriosam omnis saepe est eos. Architecto et aliquam aut. Sit et voluptates exercitationem incidunt corrupti consequatur consectetur. Quo voluptas est recusandae doloremque sed molestias consectetur.','books/book-4.jpg','2010-08-02',169,'2025-01-08 14:55:56','2025-01-08 14:55:56'),
(163,'Lakin-Cruickshank','Velit pariatur error sequi aliquam veritatis ad. Qui dolorum id et qui deserunt. Et et tempore minima aspernatur inventore quos nisi molestiae.','books/book-1.jpg','2014-04-03',464,'2025-01-08 14:55:56','2025-01-08 14:55:56'),
(164,'Crona-Bailey','Pariatur et necessitatibus tenetur fuga saepe. Non voluptate minima et. Consequatur illum officiis alias sunt et.','books/book-4.jpg','1984-01-30',406,'2025-01-08 14:55:56','2025-01-08 14:55:56'),
(165,'Deckow-Emard','Saepe dolorem occaecati sit dolor quia quisquam non. Omnis eum inventore quis non quia. Non dolor et qui voluptatem. Atque ab consectetur est voluptas est maxime.','books/book-5.jpg','2023-04-17',40,'2025-01-08 14:55:56','2025-01-08 14:55:56'),
(166,'Rice, Raynor and Pollich','Nihil ad tempora laboriosam et nihil accusantium dolores. Ut quibusdam quas officiis nam quia. Mollitia illo possimus voluptate esse consequatur vel adipisci.','books/book-2.jpg','2007-03-13',319,'2025-01-08 14:55:56','2025-01-08 14:55:56'),
(167,'Murphy Ltd','Magni nesciunt incidunt dolore. Natus aut cumque est est id ab. Fugit quod incidunt repellendus et explicabo eveniet. Quia laboriosam enim dolorem reprehenderit.','books/book-4.jpg','2017-09-07',417,'2025-01-08 14:55:56','2025-01-08 14:55:56'),
(168,'Bergstrom-Fahey','Qui aut dolores itaque ducimus qui voluptas possimus. Suscipit veniam et quaerat vitae sunt. Et corrupti velit facilis. Tenetur sint nam et qui quis.','books/book-6.jpg','2014-10-13',381,'2025-01-08 14:55:56','2025-01-08 14:55:56'),
(169,'Hudson-Steuber','Fuga sed tempore nostrum omnis perferendis quo placeat. Voluptatem fugiat at qui veritatis autem alias. Ut voluptas ut reiciendis incidunt nobis qui. Qui aut dolorum possimus iste.','books/book-2.jpg','1989-09-07',243,'2025-01-08 14:55:56','2025-01-08 14:55:56'),
(170,'Hermann Group','Occaecati ut sit occaecati fugit sint architecto officia. Enim tempora praesentium vel accusantium illum et.','books/book-8.jpg','1971-09-08',120,'2025-01-08 14:55:56','2025-01-08 14:55:56'),
(171,'Breitenberg-Blick','Autem dolores cum voluptatem aliquam dicta veritatis porro. Sit ut alias culpa laudantium provident sequi.','books/book-8.jpg','1994-12-17',133,'2025-01-08 14:55:56','2025-01-08 14:55:56'),
(172,'Runolfsdottir, Koss and Cassin','Totam non quisquam amet dolor consequuntur aut magnam. Commodi sit possimus accusantium sint illo ut omnis amet. Culpa dicta eum temporibus consequatur fugit. Qui aperiam earum est.','books/book-8.jpg','2001-08-30',57,'2025-01-08 14:55:56','2025-01-08 14:55:56'),
(173,'Beahan and Sons','Adipisci id pariatur corrupti rerum harum eius error. Aut quasi accusamus eum nulla earum.','books/book-1.jpg','1987-01-27',55,'2025-01-08 14:55:56','2025-01-08 14:55:56'),
(174,'Robel, Morar and Sporer','Id dolore est exercitationem. Aspernatur expedita laudantium et placeat porro iusto expedita. Adipisci laborum nemo iusto vel.','books/book-7.jpg','1995-12-04',306,'2025-01-08 14:55:56','2025-01-08 14:55:56'),
(175,'Pacocha-Robel','Iste vero voluptatum nihil est eum nesciunt laudantium. Ut libero est autem numquam. Odio natus voluptas sed soluta inventore aut esse sed. Exercitationem et aliquam magni repellendus ipsam consequatur.','books/book-6.jpg','2014-07-02',449,'2025-01-08 14:55:56','2025-01-08 14:55:56'),
(176,'DuBuque-Rosenbaum','Occaecati et voluptatem quo eos ipsam itaque inventore. Sed deserunt et consequuntur animi. Corporis exercitationem praesentium officia cupiditate repudiandae velit reprehenderit.','books/book-6.jpg','2020-04-08',32,'2025-01-08 14:55:56','2025-01-08 14:55:56'),
(177,'Stracke LLC','Id facere autem doloremque repudiandae fugit. Sunt quisquam voluptate aspernatur tempore. Placeat magnam ut ipsum enim facilis. Accusamus dolor tempore ab dicta. Quod tempora fugit qui repellendus corporis iure.','books/book-2.jpg','2003-07-22',178,'2025-01-08 14:55:56','2025-01-08 14:55:56'),
(178,'Franecki, Hand and Hackett','Corrupti nostrum iure autem facere quia natus culpa. Qui ducimus quasi rerum qui quibusdam sit doloremque. Architecto impedit commodi aut id est voluptatem expedita. Ducimus mollitia temporibus accusamus ipsa nihil et in.','books/book-1.jpg','2013-05-08',229,'2025-01-08 14:55:56','2025-01-08 14:55:56'),
(179,'Fritsch-Nolan','Perferendis voluptas accusantium ut et voluptatem est. Aliquid voluptatum accusamus reiciendis cupiditate consectetur qui quis. Et quia animi cumque perferendis adipisci mollitia accusamus. Quisquam deserunt est qui libero error in debitis voluptas.','books/book-6.jpg','1995-03-29',155,'2025-01-08 14:55:56','2025-01-08 14:55:56'),
(180,'Miller-Hyatt','Et quo amet iste exercitationem quae. Est est esse et doloribus laudantium.','books/book-8.jpg','1970-11-22',42,'2025-01-08 14:55:56','2025-01-08 14:55:56'),
(181,'Roob and Sons','Et ab hic natus minus non. Ab dolore expedita nihil ipsam. Quasi vel sint a eos provident. Pariatur repudiandae dolore eos et.','books/book-7.jpg','1988-08-07',415,'2025-01-08 14:55:56','2025-01-08 14:55:56'),
(182,'Romaguera, Ward and Olson','Sint ut qui quo illo quia omnis maxime. Cum et voluptatum sint culpa.','books/book-1.jpg','1970-02-26',242,'2025-01-08 14:55:56','2025-01-08 14:55:56'),
(183,'Kozey LLC','Blanditiis voluptatibus dignissimos ipsum veniam rerum sapiente numquam. Rerum ratione porro reprehenderit omnis nisi. Et aut et et. Et dolores ea quasi atque optio ut.','books/book-3.jpg','1971-06-23',80,'2025-01-08 14:55:56','2025-01-08 14:55:56'),
(184,'Ryan-Connelly','Perspiciatis deserunt itaque veniam delectus. Molestias sed quam repellendus sed laboriosam quo blanditiis. Voluptatem officiis incidunt qui autem. Omnis et enim ut excepturi quibusdam. Ducimus id veniam cum.','books/book-1.jpg','1999-07-04',279,'2025-01-08 14:55:56','2025-01-08 14:55:56'),
(185,'Sanford LLC','Molestias occaecati necessitatibus enim doloribus. Non sit at et nihil ipsum repudiandae. Deleniti corrupti voluptatem id ad.','books/book-5.jpg','2005-07-29',185,'2025-01-08 14:55:56','2025-01-08 14:55:56'),
(186,'Mills and Sons','Aut reprehenderit consequatur quae non facilis magni. Est non voluptatibus cupiditate quo quasi velit. Dolor dolores est quasi voluptates occaecati nihil esse velit.','books/book-6.jpg','2000-08-09',467,'2025-01-08 14:55:56','2025-01-08 14:55:56'),
(187,'Swaniawski, Sauer and Ferry','Aliquid dolores exercitationem eos hic voluptatibus repudiandae quaerat rem. Perferendis eum minima reiciendis officiis. Reprehenderit modi dignissimos aut voluptate.','books/book-4.jpg','2002-06-25',185,'2025-01-08 14:55:56','2025-01-08 14:55:56'),
(188,'Willms and Sons','Ad soluta atque inventore explicabo doloribus non. Sint atque consequatur ea placeat. Qui exercitationem deleniti molestiae ut qui cupiditate eveniet.','books/book-5.jpg','2021-12-21',199,'2025-01-08 14:55:56','2025-01-08 14:55:56'),
(189,'Schmitt, Grant and Bernhard','Sit iusto rerum quis at id et. Sit enim assumenda ducimus.','books/book-5.jpg','1994-12-09',300,'2025-01-08 14:55:56','2025-01-08 14:55:56'),
(190,'Block, Strosin and Harvey','Aut quae velit delectus fuga sit adipisci. Vel nemo reiciendis cupiditate id. Eveniet quaerat et delectus deserunt animi deserunt necessitatibus delectus. Architecto et aut ullam. Illo doloremque beatae enim consequatur deserunt ex eaque.','books/book-4.jpg','2017-11-29',112,'2025-01-08 14:55:56','2025-01-08 14:55:56'),
(191,'Crist-Sauer','Animi nam et maiores autem saepe rerum. Voluptatibus nam eum voluptatem beatae distinctio. Vero corporis aut quisquam quia similique officiis quas.','books/book-7.jpg','2015-01-13',370,'2025-01-08 14:55:56','2025-01-08 14:55:56'),
(192,'Bernier Group','Harum sint aut voluptatum impedit tenetur neque. Aut voluptate odit laboriosam voluptatum non reprehenderit. Saepe eos eos occaecati nesciunt totam et eos. Aut laboriosam ipsam possimus necessitatibus voluptatem.','books/book-2.jpg','2001-08-29',356,'2025-01-08 14:55:56','2025-01-08 14:55:56'),
(193,'Stark, Tillman and Ward','Ea autem debitis in. Qui consequuntur incidunt autem est soluta aut ratione.','books/book-2.jpg','1995-04-27',380,'2025-01-08 14:55:56','2025-01-08 14:55:56'),
(194,'Waelchi, Schumm and Cartwright','Officiis quis ea sed qui. Voluptatibus sit eaque iusto ipsam ea necessitatibus. Quis in id veniam itaque in beatae ex.','books/book-6.jpg','1975-09-12',480,'2025-01-08 14:55:56','2025-01-08 14:55:56'),
(195,'Schiller-Fay','Iure quaerat fugit neque. Iure in non est similique est qui ipsam. Voluptas facilis atque sunt necessitatibus. Consectetur consequatur illum nostrum minus sit quaerat accusamus ratione.','books/book-1.jpg','1970-11-03',316,'2025-01-08 14:55:56','2025-01-08 14:55:56'),
(196,'Mayert Group','Nihil ab consequuntur repellat dolorum illo aut dicta cum. Nam at non laudantium soluta autem corrupti molestiae. Quidem accusantium ratione rem.','books/book-3.jpg','2009-12-30',375,'2025-01-08 14:55:56','2025-01-08 14:55:56'),
(197,'Balistreri and Sons','Sint aspernatur nam laboriosam est qui dolore. Nam ut voluptatibus autem at. Voluptatibus accusantium repellendus iste corporis. Amet doloremque distinctio pariatur blanditiis est dolor saepe. Sit iure sit unde esse.','books/book-2.jpg','1982-10-29',485,'2025-01-08 14:55:56','2025-01-08 14:55:56'),
(198,'Treutel, Nitzsche and Wunsch','Dolores ut sunt nemo nesciunt iure in vel. Ex aut commodi optio ratione aperiam nihil inventore. Molestiae saepe quo voluptatibus quis.','books/book-7.jpg','1991-01-02',161,'2025-01-08 14:55:56','2025-01-08 14:55:56'),
(199,'Kub-Feil','Quia ab aliquid corrupti assumenda. Ratione voluptatum sint atque dignissimos expedita. Eos sit voluptas ipsam magnam in dolor id nulla.','books/book-2.jpg','1972-01-23',302,'2025-01-08 14:55:56','2025-01-08 14:55:56'),
(200,'Stark, Von and Bauch','Deleniti neque possimus asperiores porro aut dolores neque. Enim incidunt est cum sit modi aspernatur.','books/book-1.jpg','1985-11-07',150,'2025-01-08 14:55:56','2025-01-08 14:55:56'),
(201,'Crona, Satterfield and Cruickshank','Rem nam suscipit sit aperiam maiores commodi in. Rerum tenetur rerum cupiditate neque numquam cum.','books/book-7.jpg','2022-05-07',306,'2025-01-08 14:55:56','2025-01-08 14:55:56'),
(202,'Parisian Group','Et doloribus praesentium laboriosam minima. Enim eaque rem qui doloremque. Earum repudiandae ipsa accusamus. Qui rerum enim dolores ipsum et asperiores ab.','books/book-2.jpg','1989-08-30',177,'2025-01-08 14:55:56','2025-01-08 14:55:56'),
(203,'Zemlak, Stoltenberg and Donnelly','Repellendus sequi aspernatur qui. Eum et pariatur fuga quis.','books/book-5.jpg','2001-11-06',481,'2025-01-08 14:55:56','2025-01-08 14:55:56'),
(204,'Ondricka, Terry and Wolf','At et maxime molestiae nemo incidunt voluptatum sed aut. Quas et eos magni veniam vel sint quia. Fugit non voluptatum reiciendis repellendus. Vitae alias similique eum tempore.','books/book-8.jpg','2000-10-02',395,'2025-01-08 14:55:56','2025-01-08 14:55:56'),
(205,'Runolfsson, Hudson and Kling','Expedita a quia sint quas beatae. Dolores perferendis est non qui rerum nemo rerum. Quidem ut vel qui sit non expedita magnam. Ut dolor dolorem blanditiis harum eum nemo.','books/book-1.jpg','2023-08-29',181,'2025-01-08 14:55:56','2025-01-08 14:55:56'),
(206,'Bartoletti, Runolfsdottir and Witting','Sapiente deserunt ad aut qui vel qui non. Eaque beatae atque est qui eius est. Aut non quod facilis et cum.','books/book-7.jpg','2019-04-04',49,'2025-01-08 14:55:56','2025-01-08 14:55:56'),
(207,'Kris and Sons','Velit est quaerat est tempore. Dignissimos aut animi quia voluptates consequatur fugit.','books/book-7.jpg','2003-01-24',79,'2025-01-08 14:55:56','2025-01-08 14:55:56'),
(208,'Turner, Grady and Jacobs','Commodi voluptatibus rerum eum ex cupiditate exercitationem. Qui voluptates vel et labore et. Adipisci distinctio quia deleniti culpa est eum. Fuga dolor consequatur ratione. Impedit dolore sed ea consectetur.','books/book-6.jpg','1984-08-03',216,'2025-01-08 14:55:56','2025-01-08 14:55:56'),
(209,'Parisian-Sporer','Voluptate sit qui dolorem. Soluta quidem repellendus dolorem delectus necessitatibus dolores. Aliquam mollitia ut eos labore porro sit. Unde saepe quae eos facilis recusandae voluptate voluptatem. Expedita rem dignissimos repellendus ullam ea dolorum dolor.','books/book-3.jpg','2021-03-24',10,'2025-01-08 14:55:56','2025-01-08 14:55:56'),
(210,'Heidenreich-Kessler','Cumque delectus fuga aut consequatur qui. Delectus doloremque sunt reiciendis est omnis molestiae ipsa. Excepturi deserunt impedit at aut enim quo ullam. Modi necessitatibus et fugit aliquam earum dicta velit.','books/book-6.jpg','1988-02-29',17,'2025-01-08 14:55:56','2025-01-08 14:55:56'),
(211,'Roob and Sons','Et et et est est qui dolorem. Atque suscipit debitis voluptas sed doloremque ea ut. Distinctio amet magnam expedita consequatur et aut. Ea sunt id magnam quisquam.','books/book-4.jpg','1971-01-07',161,'2025-01-08 14:55:56','2025-01-08 14:55:56'),
(212,'Rolfson, Ritchie and Sporer','Corrupti corporis ipsum deleniti aperiam porro architecto. Tempore nemo et numquam fuga dolore. Alias sit voluptatem quia veritatis quos quisquam culpa.','books/book-4.jpg','1984-08-28',247,'2025-01-08 14:55:56','2025-01-08 14:55:56'),
(213,'Rolfson, Barton and Renner','Quas perspiciatis quae quis voluptatem vel est sapiente. Dolorem ut unde ducimus vero vel molestiae. Reprehenderit sed quia ullam aut rerum. Vel quibusdam id non non.','books/book-3.jpg','2016-11-06',167,'2025-01-08 14:55:56','2025-01-08 14:55:56'),
(214,'Schaden, Labadie and Kshlerin','In ut molestiae provident quia laudantium laudantium. Quo temporibus excepturi ut at nisi numquam. Veritatis cumque omnis soluta. Quisquam ullam neque voluptatem.','books/book-1.jpg','1998-12-17',174,'2025-01-08 14:55:56','2025-01-08 14:55:56'),
(215,'Kuhic and Sons','Qui totam autem quia quo. Voluptas provident et ratione dolores voluptatibus est minus est. Est et quibusdam dolorum provident facere.','books/book-6.jpg','2012-03-03',127,'2025-01-08 14:55:56','2025-01-08 14:55:56'),
(216,'Adams, Hansen and Hansen','Corporis cum veritatis ducimus suscipit et nihil ut. Placeat qui qui natus occaecati mollitia. Dolore consectetur iure laudantium ipsam.','books/book-7.jpg','1976-01-13',449,'2025-01-08 14:55:56','2025-01-08 14:55:56'),
(217,'Wisoky-Glover','Quia laudantium deserunt cumque corporis optio. Rem voluptatum nisi eum placeat similique vitae qui. Vero in quo optio molestias facilis.','books/book-8.jpg','1972-07-11',165,'2025-01-08 14:55:56','2025-01-08 14:55:56'),
(218,'Walker-Bednar','Similique eius soluta autem sit quis mollitia. Quia eligendi quibusdam id molestiae repudiandae saepe.','books/book-6.jpg','2017-08-22',127,'2025-01-08 14:55:56','2025-01-08 14:55:56'),
(219,'Larkin and Sons','Fugit sit veritatis qui labore eligendi omnis. Dolorem repellat dolores odio unde nihil. Eaque odio fugiat aut minima. Et dolor sed voluptatem.','books/book-3.jpg','1976-12-02',70,'2025-01-08 14:55:56','2025-01-08 14:55:56'),
(220,'Oberbrunner, Boyle and Jacobson','Dolores voluptatem molestiae est saepe. Nemo praesentium omnis expedita unde nostrum neque reiciendis. Magnam amet fugiat dolorem corporis veniam assumenda. Corrupti qui quo possimus ea.','books/book-4.jpg','1976-12-10',22,'2025-01-08 14:55:56','2025-01-08 14:55:56'),
(221,'Lesch, Grant and Howe','Perspiciatis voluptatem ut necessitatibus eum illo. Ut assumenda nostrum pariatur voluptatum laborum. Omnis molestiae dignissimos consequatur et deserunt.','books/book-2.jpg','2005-12-27',335,'2025-01-08 14:55:56','2025-01-08 14:55:56'),
(222,'Satterfield, Rolfson and Block','Omnis qui perspiciatis natus aut voluptatibus. Est omnis ut temporibus sit cum ducimus. Doloribus occaecati similique in omnis. Ex in accusamus nemo rerum.','books/book-3.jpg','2018-04-09',328,'2025-01-08 14:55:56','2025-01-08 14:55:56'),
(223,'Zemlak, Waelchi and Kirlin','Sit autem voluptatem modi consequatur consequatur sapiente. Deserunt minima earum vel ut voluptatem quibusdam. Molestiae a enim minima atque sunt voluptas.','books/book-5.jpg','2009-07-12',88,'2025-01-08 14:55:56','2025-01-08 14:55:56'),
(224,'Marvin-Connelly','Voluptatem voluptatem maxime atque error voluptatem et. Eligendi ea id modi qui excepturi ducimus reiciendis deserunt. Laboriosam autem culpa veritatis.','books/book-4.jpg','2014-01-24',365,'2025-01-08 14:55:56','2025-01-08 14:55:56'),
(225,'Jacobson, Goldner and Jenkins','Sapiente quae laudantium possimus recusandae consectetur. A sed adipisci cum quas earum aut eum. Laudantium nobis quibusdam ut dolorem. Rerum laboriosam porro quia at.','books/book-6.jpg','1976-07-22',485,'2025-01-08 14:55:56','2025-01-08 14:55:56'),
(226,'Beatty, Cole and Emard','Qui explicabo ipsum repellat laudantium ipsa molestiae. Similique repudiandae dolorem blanditiis. Iste iure voluptates asperiores et eum provident corporis consequuntur. Totam ut omnis omnis minima minus.','books/book-6.jpg','2023-03-07',417,'2025-01-08 14:55:56','2025-01-08 14:55:56'),
(227,'Spencer and Sons','Et dolores est dolore quia amet aut. Error voluptatem unde temporibus. Quam qui sint blanditiis saepe aut quis quas. Voluptates aperiam laborum architecto voluptatum. Aperiam perspiciatis dolor doloremque explicabo id quia.','books/book-5.jpg','1996-08-17',207,'2025-01-08 14:55:56','2025-01-08 14:55:56'),
(228,'Boehm-Kulas','Tenetur voluptas veritatis voluptatum ab aut. Non illo et distinctio libero saepe. Distinctio velit ullam aut odio. Blanditiis excepturi et vel cum repudiandae.','books/book-2.jpg','2006-09-27',287,'2025-01-08 14:55:56','2025-01-08 14:55:56'),
(229,'Sanford, Runte and Kiehn','Praesentium itaque aut libero quisquam amet aperiam et. Fugit neque ad quo consequatur sed voluptas. Est maiores temporibus dolorum libero quae mollitia odio.','books/book-3.jpg','2019-04-10',391,'2025-01-08 14:55:56','2025-01-08 14:55:56'),
(230,'Tromp Group','Voluptas libero sequi debitis voluptatem minus animi voluptatum illum. Et exercitationem aliquam adipisci magnam. Laboriosam omnis et qui deserunt.','books/book-2.jpg','2021-12-21',86,'2025-01-08 14:55:56','2025-01-08 14:55:56'),
(231,'Krajcik, Marquardt and Casper','Sed ut nisi eos. Ad neque culpa aut omnis ab nihil. Dolores quia alias et similique quis dolorem est.','books/book-7.jpg','1973-02-04',153,'2025-01-08 14:55:56','2025-01-08 14:55:56'),
(232,'Kozey and Sons','Repudiandae et aut vel enim. Cupiditate esse maxime deleniti quibusdam. Nulla qui et enim quo.','books/book-3.jpg','2020-10-16',117,'2025-01-08 14:55:56','2025-01-08 14:55:56'),
(233,'Wiegand Inc','Repellendus nostrum maxime iusto in a aliquid neque. Ea sapiente aut non dolor fuga quam. Inventore rerum aut ex sunt magni eligendi. Similique tenetur officiis quam unde quis et.','books/book-5.jpg','1971-09-25',414,'2025-01-08 14:55:56','2025-01-08 14:55:56'),
(234,'Schroeder-Graham','Non ut qui aspernatur asperiores quia et consequuntur. Aut temporibus quis quia quia ullam animi.','books/book-5.jpg','2009-10-15',275,'2025-01-08 14:55:56','2025-01-08 14:55:56'),
(235,'Hudson, Leffler and Tromp','Minus eveniet architecto ut delectus autem ab quam. Autem est in assumenda optio. Laborum et id et et perferendis.','books/book-8.jpg','1988-04-15',393,'2025-01-08 14:55:56','2025-01-08 14:55:56'),
(236,'Kerluke-Bernier','Ipsa magnam consequuntur rerum eos earum rerum. Necessitatibus sit quos eum doloremque nulla molestiae excepturi voluptate. Molestiae doloribus quam ut velit vitae. Magni necessitatibus quas fuga numquam ut ipsa.','books/book-1.jpg','1990-12-17',500,'2025-01-08 14:55:56','2025-01-08 14:55:56'),
(237,'Ledner Ltd','Sed et ratione autem quidem voluptatem tempore totam. Libero ipsam tenetur repellat provident eaque nisi est doloremque. Saepe ab nemo sit cum sint corrupti ratione dicta. Error quia aliquid corporis libero commodi voluptatem aut.','books/book-6.jpg','1974-09-15',110,'2025-01-08 14:55:56','2025-01-08 14:55:56'),
(238,'Kemmer-Huels','Eos architecto quisquam sint consequatur ut labore fugiat. Et exercitationem voluptatum occaecati rem. Ipsam sit facilis minima qui reiciendis dolor. Eaque quasi qui amet consequatur quos laborum officia.','books/book-5.jpg','1990-02-05',131,'2025-01-08 14:55:56','2025-01-08 14:55:56'),
(239,'Thiel LLC','Nobis cum beatae aperiam corrupti a facilis. Sunt sint laboriosam eaque ducimus voluptas sed vero est. In deserunt ducimus commodi eaque sed sunt laboriosam iste.','books/book-5.jpg','2023-10-03',474,'2025-01-08 14:55:56','2025-01-08 14:55:56'),
(240,'Spencer-Will','Voluptatem dolor qui cum similique autem optio molestiae. Quidem veniam amet deserunt soluta facilis animi hic. Rerum qui iure quasi vero eaque quia. Et modi perspiciatis facere saepe corporis quis possimus. Aut totam voluptatem quis dignissimos.','books/book-6.jpg','2021-09-27',267,'2025-01-08 14:55:56','2025-01-08 14:55:56'),
(241,'Klocko Ltd','Officia porro non perspiciatis sit iusto aut rerum. Est non repellendus vitae. Consequatur tempore suscipit facere.','books/book-6.jpg','1999-04-04',452,'2025-01-08 14:55:56','2025-01-08 14:55:56'),
(242,'Nolan and Sons','Ullam placeat nam assumenda dignissimos non enim nesciunt deleniti. Ut eveniet qui ex ut provident voluptatem occaecati. Quia tempore vel nihil. Quam minima consequuntur quod temporibus.','books/book-8.jpg','1971-11-23',452,'2025-01-08 14:55:56','2025-01-08 14:55:56'),
(243,'Schiller-Gibson','Beatae reiciendis repellat mollitia qui veritatis. Sit doloremque quae ullam. Accusantium facere ut officiis voluptate tempore rem.','books/book-4.jpg','2001-11-07',490,'2025-01-08 14:55:56','2025-01-08 14:55:56'),
(244,'Fritsch, Cremin and Tremblay','Odit et animi aliquid. Quam omnis sequi et voluptatum blanditiis. Commodi doloribus ea distinctio officia illo. Qui exercitationem nihil eum debitis accusamus.','books/book-5.jpg','1982-11-19',351,'2025-01-08 14:55:56','2025-01-08 14:55:56'),
(245,'Monahan Group','Aut doloremque inventore voluptatum dolores. Ea exercitationem iure quisquam ea. Facilis qui omnis quidem et sed. Aut qui quibusdam commodi necessitatibus non repellat.','books/book-8.jpg','2007-11-28',209,'2025-01-08 14:55:56','2025-01-08 14:55:56'),
(246,'Champlin-Schaefer','Optio quia qui expedita quo rem fuga maxime. Nulla cumque dolores unde. Aut consequatur et neque a minus sed fuga dolores. Veritatis excepturi qui architecto blanditiis omnis praesentium maxime.','books/book-4.jpg','2013-06-17',2,'2025-01-08 14:55:56','2025-01-08 14:55:56'),
(247,'Zieme Group','Consectetur id est debitis quia illum rerum illum velit. Adipisci pariatur vel veniam quae. Ducimus laudantium minima at velit esse. Dolore et maiores qui aut dolorum facilis sit. Ut beatae enim cupiditate at pariatur dolorem eum ab.','books/book-5.jpg','2024-04-08',260,'2025-01-08 14:55:56','2025-01-08 14:55:56'),
(248,'Mann Inc','Sunt eos ad saepe vel consequatur. Eum eum itaque asperiores ab nulla porro. Voluptatem quis ipsa dolor eos. Est totam est ex libero quo qui velit distinctio.','books/book-3.jpg','1976-08-23',426,'2025-01-08 14:55:56','2025-01-08 14:55:56'),
(249,'Lind, McDermott and Gusikowski','Et reprehenderit illum fugiat tempore voluptates assumenda. Iusto qui qui quia iste veritatis soluta. Dolorum molestiae veniam minima veritatis cupiditate dolore id.','books/book-6.jpg','1970-05-14',224,'2025-01-08 14:55:56','2025-01-08 14:55:56'),
(250,'Smith-Moore','Explicabo sed dolorum veniam dolores. Fuga qui nobis aut ipsam ducimus consequuntur voluptatem sed. Qui magnam labore aut quo. Corporis corporis porro omnis nulla aspernatur porro expedita.','books/book-2.jpg','1985-12-27',92,'2025-01-08 14:55:56','2025-01-08 14:55:56'),
(251,'Block PLC','Et est quibusdam rerum dolores ducimus. Nihil asperiores reiciendis dicta velit. Animi et cumque magnam omnis molestias quod doloremque reprehenderit. Aperiam non qui commodi nemo.','books/book-1.jpg','2019-03-13',172,'2025-01-08 14:55:56','2025-01-08 14:55:56'),
(252,'Schumm Group','Odio in ut aut minima id. Eius non accusamus sint nihil beatae.','books/book-1.jpg','1991-03-31',256,'2025-01-08 14:55:56','2025-01-08 14:55:56'),
(253,'Gleason Inc','Laboriosam laborum nobis voluptatibus quidem facilis. Illo sint eligendi optio eos nihil ut voluptatibus. Inventore possimus necessitatibus harum enim.','books/book-2.jpg','2017-11-25',409,'2025-01-08 14:55:56','2025-01-08 14:55:56'),
(254,'Torphy, Feeney and Mueller','Et voluptate id molestias est. Incidunt necessitatibus aperiam rerum. Doloribus quibusdam molestiae laborum ex harum iure. Voluptas ut et magnam vitae eveniet et qui dignissimos.','books/book-8.jpg','2008-08-06',285,'2025-01-08 14:55:56','2025-01-08 14:55:56'),
(255,'Kessler, Swift and Rippin','Dolorum est sint assumenda repellendus aut ipsum dicta hic. Cumque ab voluptates nihil ut. Molestiae inventore harum aut quis.','books/book-1.jpg','2013-10-20',411,'2025-01-08 14:55:56','2025-01-08 14:55:56'),
(256,'Corkery-Nienow','Eveniet corporis neque laudantium expedita ut quia tenetur. Accusantium quisquam iusto itaque dolorem ut. Hic quam minus aut voluptatem sit. Facere reprehenderit necessitatibus ut. Vitae ut et magnam.','books/book-5.jpg','1996-12-16',357,'2025-01-08 14:55:56','2025-01-08 14:55:56'),
(257,'Kirlin and Sons','Quo dolor ea quasi asperiores deleniti. Eaque doloribus iure et. Omnis a odit in dignissimos consequatur adipisci soluta.','books/book-2.jpg','2023-03-10',16,'2025-01-08 14:55:56','2025-01-08 14:55:56'),
(258,'Weber Group','Sed alias odit animi eveniet sint magnam omnis. Nobis omnis veniam magnam. Qui odit est ab cupiditate optio est rem placeat. Fugiat modi sequi itaque labore natus molestiae.','books/book-1.jpg','1984-03-16',103,'2025-01-08 14:55:56','2025-01-08 14:55:56'),
(259,'Pagac PLC','Ut ducimus qui dicta aut veniam. Quam nam aut labore consequatur. Similique quia aut ut earum omnis placeat.','books/book-2.jpg','1973-07-03',295,'2025-01-08 14:55:56','2025-01-08 14:55:56'),
(260,'Lueilwitz, Yundt and Padberg','A laudantium et inventore sunt quia. Enim recusandae voluptatem consequatur cupiditate fuga. Dolor at pariatur sint laudantium.','books/book-6.jpg','1998-05-17',277,'2025-01-08 14:55:56','2025-01-08 14:55:56'),
(261,'Boehm, Weber and Hintz','Rerum deleniti iste temporibus laborum ad. Dignissimos eum porro sit cupiditate reprehenderit cupiditate. Nostrum veniam est ea cupiditate consequatur aut.','books/book-5.jpg','2011-01-04',366,'2025-01-08 14:55:56','2025-01-08 14:55:56'),
(262,'Collins-Prosacco','Perspiciatis voluptas sed quae sed. Quam explicabo in commodi et voluptatem. Nisi rem culpa earum laborum rem.','books/book-7.jpg','1971-10-24',119,'2025-01-08 14:55:56','2025-01-08 14:55:56'),
(263,'Flatley-Schimmel','Temporibus neque atque veniam cumque sed et. Eos quisquam non quo molestiae est odit voluptas. Ad magni et vitae expedita aliquam sapiente. Animi totam est provident aspernatur placeat iusto consequuntur. Odit a temporibus ab dolorum eum.','books/book-5.jpg','2017-09-18',107,'2025-01-08 14:55:56','2025-01-08 14:55:56'),
(264,'Schowalter, Wiza and Schneider','Commodi nam qui eos doloremque ab reiciendis. Dignissimos perferendis quidem et libero assumenda sequi veritatis. Expedita suscipit omnis voluptatibus.','books/book-4.jpg','1983-10-21',377,'2025-01-08 14:55:56','2025-01-08 14:55:56'),
(265,'Mante, VonRueden and Luettgen','Quo eaque doloribus corrupti error veritatis doloremque accusantium. Sed ea recusandae maiores nihil velit nam. Sed earum consequuntur repudiandae suscipit voluptas. Vero in dolor in quis cumque aut.','books/book-4.jpg','2010-12-30',101,'2025-01-08 14:55:56','2025-01-08 14:55:56'),
(266,'Little Ltd','Culpa iste molestiae sint et id. Et praesentium veritatis omnis deserunt excepturi. Impedit aut cumque sunt est. Quis architecto excepturi vero.','books/book-3.jpg','2021-02-21',362,'2025-01-08 14:55:56','2025-01-08 14:55:56'),
(267,'Kuhlman-Beatty','Rerum necessitatibus aspernatur repellat doloribus aut. Beatae et praesentium sed nemo asperiores. Amet expedita velit corrupti dolor natus.','books/book-7.jpg','2013-05-11',422,'2025-01-08 14:55:56','2025-01-08 14:55:56'),
(268,'Murazik, Dach and Von','Rerum ut odio fuga asperiores iure illo. Sunt aut est eos incidunt aut quis quia facilis. Voluptate cumque ratione rerum occaecati dolore pariatur.','books/book-2.jpg','2015-05-31',53,'2025-01-08 14:55:56','2025-01-08 14:55:56'),
(269,'Breitenberg LLC','Magni harum suscipit delectus nihil. Vero qui libero architecto laudantium ducimus. Eveniet quisquam et et voluptas. Repellendus deserunt ipsa expedita est et.','books/book-3.jpg','2011-05-03',461,'2025-01-08 14:55:56','2025-01-08 14:55:56'),
(270,'Schumm, Kessler and Dibbert','Quo beatae quas reiciendis voluptatem. Aliquam non quia sed consequuntur ab qui. Non consequatur inventore nihil distinctio doloribus voluptatem.','books/book-6.jpg','1979-11-05',206,'2025-01-08 14:55:56','2025-01-08 14:55:56'),
(271,'Walker, Haag and Daugherty','Similique rerum et sunt corrupti alias sed sit. Dolores ea voluptatum fugit debitis.','books/book-8.jpg','1998-10-26',443,'2025-01-08 14:55:56','2025-01-08 14:55:56'),
(272,'Beahan-Kihn','Aut velit vero ipsa qui consequuntur. Mollitia iusto dolorem exercitationem. Est distinctio voluptatem est quis.','books/book-3.jpg','2011-07-30',153,'2025-01-08 14:55:56','2025-01-08 14:55:56'),
(273,'Rath-Rutherford','Nisi sint architecto sit et aut. Assumenda autem omnis iusto vitae. Aut qui delectus non quasi blanditiis eveniet. Aliquam facilis provident maxime veritatis velit.','books/book-4.jpg','2010-11-27',419,'2025-01-08 14:55:56','2025-01-08 14:55:56'),
(274,'Casper-Wolff','Iure ipsa eveniet qui. Dolorum ut sed voluptas atque voluptatem ad unde. Nihil non assumenda odit nisi dicta vel minus. Excepturi esse voluptas debitis aspernatur qui.','books/book-1.jpg','1985-08-18',487,'2025-01-08 14:55:56','2025-01-08 14:55:56'),
(275,'Okuneva-Little','Minima tenetur sit et quasi. Voluptas quidem eum qui. Dolorum assumenda quidem iusto suscipit.','books/book-7.jpg','2008-09-11',287,'2025-01-08 14:55:56','2025-01-08 14:55:56'),
(276,'Wisoky Group','Commodi maxime vero et deleniti culpa explicabo autem. Iure voluptas ut nobis animi eveniet. Mollitia suscipit enim et ratione. Ullam quo rem eos.','books/book-8.jpg','2000-11-02',65,'2025-01-08 14:55:56','2025-01-08 14:55:56'),
(277,'Brakus-Langosh','Corporis iste veniam molestias atque minus. Et omnis quo quibusdam nihil dolorem. Ea ullam voluptas incidunt deserunt illo id sed. Id et non sed accusamus.','books/book-7.jpg','1991-08-08',437,'2025-01-08 14:55:56','2025-01-08 14:55:56'),
(278,'Cassin, Klocko and Moen','Commodi enim dolores provident id quia vitae magnam. Saepe vitae qui aliquam omnis consectetur architecto tempore molestias. Dolore iure ea sit.','books/book-8.jpg','1991-12-02',345,'2025-01-08 14:55:56','2025-01-08 14:55:56'),
(279,'Hintz, Hodkiewicz and Feeney','Similique nulla ea qui earum dolorem ut eligendi. Nihil ullam consequuntur voluptatem dolorem qui minima architecto distinctio. Occaecati ut ipsum praesentium placeat vel non. Necessitatibus et iusto eum ea corporis et hic.','books/book-5.jpg','2000-10-13',399,'2025-01-08 14:55:56','2025-01-08 14:55:56'),
(280,'Beier-Ondricka','Nostrum aut sunt et omnis veniam architecto id sint. Placeat aut enim aliquam est amet deserunt eum. Error molestiae dolorem in dolore rerum laboriosam.','books/book-6.jpg','1998-02-12',156,'2025-01-08 14:55:56','2025-01-08 14:55:56'),
(281,'Kulas-Nader','Alias explicabo tempore sit ut eligendi. Maiores nulla rerum explicabo temporibus qui. Quisquam ut cum perspiciatis harum.','books/book-8.jpg','1988-02-09',450,'2025-01-08 14:55:56','2025-01-08 14:55:56'),
(282,'Kshlerin, O\'Hara and Johnson','Rerum possimus nam possimus porro iure dolor earum. Eaque laboriosam velit aperiam consectetur. Non quidem et rerum doloribus harum. Optio laudantium voluptates tempore totam corrupti.','books/book-8.jpg','2019-05-25',137,'2025-01-08 14:55:56','2025-01-08 14:55:56'),
(283,'Reynolds, Schuster and Johnson','Cupiditate non vitae ea enim. Sunt aut nesciunt omnis voluptatem velit repudiandae eveniet. Consequatur culpa ullam sunt suscipit.','books/book-8.jpg','2013-03-08',50,'2025-01-08 14:55:56','2025-01-08 14:55:56'),
(284,'Stamm and Sons','Quidem consequatur ut aut nam maxime alias. Eligendi non et rerum possimus nihil quod. Praesentium aut dolorem voluptas dignissimos numquam est ut.','books/book-2.jpg','1984-01-29',364,'2025-01-08 14:55:56','2025-01-08 14:55:56'),
(285,'Lebsack PLC','Sunt omnis illo aliquam omnis aut id. Vel repellendus quod suscipit blanditiis et sunt. Consequatur voluptate ipsa et accusamus recusandae fugiat consectetur sed. Est quis quidem qui neque.','books/book-8.jpg','1986-04-21',339,'2025-01-08 14:55:56','2025-01-08 14:55:56'),
(286,'Ortiz-Reynolds','Repellat omnis autem voluptas quasi eum omnis voluptate. Perspiciatis voluptates explicabo architecto officia nemo quisquam nihil.','books/book-1.jpg','1993-01-18',281,'2025-01-08 14:55:56','2025-01-08 14:55:56'),
(287,'Watsica-Friesen','Architecto nihil labore perspiciatis. Rerum possimus dolores rerum iste cumque illum dolores. Quam deleniti tempore ut. Excepturi quibusdam expedita est molestiae harum beatae.','books/book-7.jpg','1984-05-28',155,'2025-01-08 14:55:56','2025-01-08 14:55:56'),
(288,'Carroll LLC','Vitae autem sapiente recusandae quo quia asperiores. Ullam labore animi pariatur expedita aut fugiat debitis quasi. Nobis ea nesciunt velit rem dignissimos beatae.','books/book-3.jpg','1984-02-28',190,'2025-01-08 14:55:56','2025-01-08 14:55:56'),
(289,'Grimes and Sons','Sit omnis sit in perspiciatis minima. Id velit debitis accusantium recusandae. In quia culpa et quo tempora aut non. Voluptatem id ea fugit sed enim enim voluptatem.','books/book-6.jpg','2018-11-20',391,'2025-01-08 14:55:56','2025-01-08 14:55:56'),
(290,'Bode, Wisoky and Daugherty','Qui odio id aperiam qui nisi quia. Expedita dolorem facilis rerum ut. Vero necessitatibus fuga soluta enim sunt ullam dolorum. Dolores a asperiores odio.','books/book-2.jpg','1999-07-26',319,'2025-01-08 14:55:56','2025-01-08 14:55:56'),
(291,'White-Krajcik','Hic veritatis nam soluta voluptatem sed et soluta. Voluptatem quia aliquam corrupti iusto. Magni eum facilis sapiente natus adipisci dolores voluptatibus. Aliquam dignissimos fugit qui praesentium rerum voluptas. Omnis natus voluptates incidunt itaque.','books/book-4.jpg','1996-08-20',99,'2025-01-08 14:55:56','2025-01-08 14:55:56'),
(292,'Adams and Sons','Eaque reprehenderit error dignissimos repellendus. Corrupti ab saepe ratione id officiis porro delectus. A cumque et consequatur ratione deleniti. Perspiciatis tempore praesentium ut voluptatem in.','books/book-5.jpg','1977-07-25',308,'2025-01-08 14:55:56','2025-01-08 14:55:56'),
(293,'Kuvalis PLC','Blanditiis quidem id ducimus magni et molestiae laboriosam. Iste in eos vel. Ipsam libero praesentium quisquam consequatur et. Qui sunt cupiditate error enim nihil vitae.','books/book-4.jpg','2024-07-16',320,'2025-01-08 14:55:56','2025-01-08 14:55:56'),
(294,'Schulist Inc','Reiciendis incidunt rerum distinctio voluptatibus quisquam modi. Ipsam nihil molestias repellat. Distinctio velit fuga est ducimus nostrum.','books/book-3.jpg','2004-03-27',174,'2025-01-08 14:55:56','2025-01-08 14:55:56'),
(295,'Walker-Emard','Veritatis omnis quasi non reprehenderit facilis vero dolorem. Et vero sed quia magnam. Repudiandae tempore laudantium molestiae. Exercitationem nobis fugit voluptas provident velit.','books/book-1.jpg','1982-03-24',41,'2025-01-08 14:55:56','2025-01-08 14:55:56'),
(296,'Johnston-Langosh','Et minima repellat tempora maxime. Non cum maiores ipsa occaecati aut quod at reprehenderit. Repellendus eos rerum laudantium consequatur libero temporibus.','books/book-7.jpg','2004-05-08',123,'2025-01-08 14:55:56','2025-01-08 14:55:56'),
(297,'Schimmel-Schinner','Quos sit dignissimos amet minima dicta. Ex officiis fuga rerum. Est eum nam voluptas saepe maiores sit quia.','books/book-2.jpg','1978-05-09',102,'2025-01-08 14:55:56','2025-01-08 14:55:56'),
(298,'Altenwerth-Ritchie','Dignissimos ratione vero sit qui officiis. Eveniet neque nam error ex cum. Nostrum hic quas id qui. In voluptas rem consequatur et cumque.','books/book-3.jpg','1977-08-15',303,'2025-01-08 14:55:56','2025-01-08 14:55:56'),
(299,'Harris-Brekke','Laboriosam alias rerum eligendi non officiis velit earum qui. Illo numquam molestiae provident aliquid itaque beatae quia. Voluptatem neque aut qui tempore. Enim mollitia nostrum repellat ut libero quia est quisquam.','books/book-4.jpg','2002-03-10',472,'2025-01-08 14:55:56','2025-01-08 14:55:56'),
(300,'Gerlach-Bogan','Adipisci odio cumque iusto nisi quos harum. Ea voluptatem est nisi minus itaque qui nemo. Et quisquam veniam expedita et. Nihil quibusdam illo quam aut.','books/book-8.jpg','2002-04-09',397,'2025-01-08 14:55:56','2025-01-08 14:55:56'),
(301,'Sporer, Roberts and Johns','Aspernatur aliquam fugit iure voluptatibus a amet ipsa voluptas. Minus nobis est alias sed. Nisi perferendis illo et enim architecto tempora.','books/book-3.jpg','2000-07-16',315,'2025-01-08 14:55:56','2025-01-08 14:55:56'),
(302,'Runolfsdottir-Gerlach','Est eos officiis et voluptas veritatis doloremque vel laborum. Quisquam labore sit ad omnis. Eum rerum assumenda ratione ut voluptatem earum consectetur omnis. Sed fuga eius minima repellat.','books/book-6.jpg','1976-11-29',330,'2025-01-08 14:55:56','2025-01-08 14:55:56'),
(303,'Johns, Douglas and Ondricka','Expedita autem fugit eos in. Enim suscipit iusto aliquid ipsum. Ut suscipit iure voluptas nihil. Qui dolor suscipit aliquam. Quia quia nihil doloribus perspiciatis quas.','books/book-4.jpg','1982-06-06',270,'2025-01-08 14:55:56','2025-01-08 14:55:56'),
(304,'Schaefer Ltd','Dolores soluta saepe nam ut vero earum voluptates. Molestiae enim minima ex doloremque commodi possimus. Quibusdam quia quis eum vero.','books/book-1.jpg','2003-07-25',268,'2025-01-08 14:55:56','2025-01-08 14:55:56'),
(305,'Lemke LLC','Facere iusto dolor sed accusamus nobis omnis occaecati. Perferendis perspiciatis sequi nemo sint qui dolorem non. Perspiciatis maiores asperiores et est omnis autem et. Quis sit enim molestiae est.','books/book-5.jpg','1998-02-02',372,'2025-01-08 14:55:56','2025-01-08 14:55:56'),
(306,'Rice and Sons','Aut fugit quia qui at aliquam ut. Eos minus illo nobis.','books/book-6.jpg','1995-04-25',8,'2025-01-08 14:55:56','2025-01-08 14:55:56'),
(307,'Effertz and Sons','Sed itaque qui doloribus libero repellat animi. Delectus at in inventore voluptas ipsum dolorem. Eligendi sint perspiciatis vel.','books/book-7.jpg','1973-07-08',437,'2025-01-08 14:55:56','2025-01-08 14:55:56'),
(308,'DuBuque, Nienow and Waters','Natus omnis sed deserunt molestias quasi. Quas porro dolorum nobis tempore ipsa architecto velit. Sit nesciunt aperiam rerum ratione. Sequi suscipit accusamus ducimus qui.','books/book-3.jpg','1991-03-28',461,'2025-01-08 14:55:56','2025-01-08 14:55:56'),
(309,'Grady-Beatty','Ipsa quo quia est perferendis. Delectus soluta nulla harum architecto et velit natus. Incidunt vel voluptas aut quidem.','books/book-5.jpg','2002-10-19',21,'2025-01-08 14:55:56','2025-01-08 14:55:56'),
(310,'Wolff-Kutch','Aliquam maiores molestiae quaerat odio nostrum quis. Doloribus voluptatem consequatur ut placeat blanditiis autem. Impedit et ab id et quibusdam. Facilis aut est nesciunt.','books/book-1.jpg','2013-01-12',24,'2025-01-08 14:55:56','2025-01-08 14:55:56'),
(311,'Ratke LLC','Laboriosam suscipit nam adipisci laudantium quasi. Voluptatem magni mollitia consectetur voluptatem eos tempora voluptas. Sequi aut qui atque. Sunt et aliquid sunt non non voluptate. Hic quaerat accusamus quod eos natus.','books/book-6.jpg','1976-11-02',300,'2025-01-08 14:55:56','2025-01-08 14:55:56'),
(312,'Osinski LLC','Aut a quas ducimus iure. Eligendi hic ipsum numquam et. Eum officia voluptas placeat ullam quia sunt.','books/book-2.jpg','1982-06-06',74,'2025-01-08 14:55:56','2025-01-08 14:55:56'),
(313,'Price-Johnson','Aut quia et odio. Tempore quos repudiandae quis omnis. Veniam pariatur quae molestiae quam excepturi quos autem.','books/book-6.jpg','2012-01-04',57,'2025-01-08 14:55:56','2025-01-08 14:55:56'),
(314,'Feil Group','Ab ullam ducimus minima aliquam. Dolores consequatur aut iusto. Soluta nam consectetur aut. Sunt maiores vel est est magnam eaque rerum.','books/book-5.jpg','1984-03-05',185,'2025-01-08 14:55:56','2025-01-08 14:55:56'),
(315,'Toy-Howell','Dolores in unde magnam ex ea ea consequatur. Tempore minus aut error enim molestiae sit et. Vel eum inventore eaque dolorem nemo placeat. Sint corporis tempora sunt eum dolor deleniti.','books/book-2.jpg','1991-05-31',44,'2025-01-08 14:55:56','2025-01-08 14:55:56'),
(316,'Hermann PLC','Earum asperiores quidem est vel. Hic quas sed incidunt vero id consectetur praesentium. Unde enim est quod tenetur. Repellat libero sed et in quo fugiat.','books/book-4.jpg','2019-03-30',137,'2025-01-08 14:55:56','2025-01-08 14:55:56'),
(317,'Sawayn-Walker','Blanditiis blanditiis atque dolores fuga. Dicta sed dolorum et inventore numquam.','books/book-1.jpg','1974-09-03',139,'2025-01-08 14:55:56','2025-01-08 14:55:56'),
(318,'Davis-Hayes','Molestiae et cum debitis nisi velit laudantium tempore. A perspiciatis saepe aut. Molestiae aut vel eius culpa laboriosam quos nulla.','books/book-4.jpg','1999-10-05',438,'2025-01-08 14:55:56','2025-01-08 14:55:56'),
(319,'Weimann, Mante and Ullrich','Est nam et aut nobis odit non esse maiores. Exercitationem sint qui ut qui voluptatum cum dolore. Suscipit voluptas voluptas facere illo sed et facere. Beatae sed voluptates deserunt autem.','books/book-6.jpg','2022-07-30',179,'2025-01-08 14:55:56','2025-01-08 14:55:56'),
(320,'Feeney-Murphy','Nam quia dolorem ex possimus nam quasi libero. Temporibus et exercitationem tempore in facere. Voluptas qui rerum labore fugit dicta amet est corporis. Et delectus voluptatibus in rem occaecati animi velit culpa.','books/book-5.jpg','1998-09-29',314,'2025-01-08 14:55:56','2025-01-08 14:55:56'),
(321,'Wuckert, Daniel and Schamberger','Quia maiores eos eius sunt. Facere adipisci ut excepturi quae. Aut modi aut aliquid est sint. Qui voluptates aspernatur provident.','books/book-6.jpg','2002-12-01',272,'2025-01-08 14:55:56','2025-01-08 14:55:56'),
(322,'Hintz, Conn and Upton','Id eius et rerum a perferendis vel pariatur optio. Non eos deleniti aut incidunt optio rerum rerum nihil. Voluptas incidunt vel aliquid. Quas neque natus dicta eos. Voluptatem non amet quibusdam.','books/book-8.jpg','1996-03-12',434,'2025-01-08 14:55:56','2025-01-08 14:55:56'),
(323,'Skiles-Kulas','Eveniet et est eligendi aperiam quis rem. Voluptas ea ullam nam ipsam. Qui voluptas sed quia esse. Facilis voluptatum praesentium dolorum quia voluptas rerum corporis.','books/book-6.jpg','1983-06-14',141,'2025-01-08 14:55:56','2025-01-08 14:55:56'),
(324,'Goyette Group','Tempora libero nam et rerum tempora. Doloremque ab quia et sapiente tempora delectus. Dignissimos odio quo hic reiciendis nihil. Ratione est sequi nulla fuga.','books/book-2.jpg','2022-01-31',46,'2025-01-08 14:55:56','2025-01-08 14:55:56'),
(325,'Morissette, Pouros and Wiza','Nesciunt molestias aliquid nihil quo consequatur rerum sed. Quia reprehenderit perspiciatis quasi qui rem beatae cumque. Nihil illo molestias rerum magnam error neque consequuntur.','books/book-1.jpg','1976-10-04',242,'2025-01-08 14:55:56','2025-01-08 14:55:56'),
(326,'Toy LLC','Sint rerum consequatur molestiae quod similique. Occaecati laudantium a nemo illum. Non ut temporibus dolor et. Ratione at cum rerum esse dolor.','books/book-6.jpg','1993-02-23',16,'2025-01-08 14:55:56','2025-01-08 14:55:56'),
(327,'Torphy and Sons','Quis molestiae possimus placeat voluptatem iste et voluptas corrupti. Commodi adipisci architecto aliquam et quia. Numquam quisquam officiis odio.','books/book-7.jpg','2000-11-19',87,'2025-01-08 14:55:56','2025-01-08 14:55:56'),
(328,'Sawayn-Kuhic','Et iure qui facilis consequatur odit libero. Voluptatibus quos exercitationem aliquam inventore sunt. Esse eveniet rem qui omnis consequuntur ratione nam.','books/book-5.jpg','1977-10-25',217,'2025-01-08 14:55:56','2025-01-08 14:55:56'),
(329,'Nikolaus-Deckow','Aut dolores ut quam nam. Laboriosam autem autem ipsum eos. Vero temporibus praesentium labore odit minus.','books/book-1.jpg','1972-07-13',87,'2025-01-08 14:55:56','2025-01-08 14:55:56'),
(330,'Hackett LLC','Cum non saepe maxime quidem voluptate. Eveniet quia animi voluptates quo sit ipsam. Non iusto aliquid deserunt. Blanditiis illum voluptatem eveniet reiciendis deleniti vel.','books/book-2.jpg','2023-06-04',97,'2025-01-08 14:55:56','2025-01-08 14:55:56'),
(331,'Lang-Quigley','Hic tempore nemo in quas explicabo. Ipsum est ea quas cupiditate voluptas aperiam est neque. Voluptas cum tempora ut tempora voluptas commodi non.','books/book-5.jpg','1973-10-29',314,'2025-01-08 14:55:56','2025-01-08 14:55:56'),
(332,'Gutkowski-Abshire','Velit nam porro quia. Ipsum voluptas soluta corporis consequatur cupiditate fuga. Velit ipsa fuga perferendis consectetur. Qui recusandae itaque maxime nemo facilis iusto.','books/book-3.jpg','1985-08-23',29,'2025-01-08 14:55:56','2025-01-08 14:55:56'),
(333,'Rice-Runte','Repudiandae quibusdam deserunt sint voluptatem. Aut et et non commodi. Et consequuntur ut magni animi officiis.','books/book-3.jpg','1993-01-02',392,'2025-01-08 14:55:56','2025-01-08 14:55:56'),
(334,'Kerluke, Zulauf and Veum','Quasi ut et molestias consequatur. Nulla quia veniam dicta fugiat. Debitis molestias cumque illum illo. In culpa reprehenderit mollitia optio autem quasi ut tempore.','books/book-4.jpg','2020-10-30',494,'2025-01-08 14:55:56','2025-01-08 14:55:56'),
(335,'Wintheiser-Jacobs','Neque consequuntur est sunt reprehenderit est. Architecto et nesciunt doloremque. Illo provident dignissimos recusandae maiores laborum blanditiis quia.','books/book-2.jpg','1995-05-05',314,'2025-01-08 14:55:56','2025-01-08 14:55:56'),
(336,'Gibson, Denesik and Funk','Et sint asperiores aperiam qui. Porro quam maiores nihil. Soluta voluptatum quia nobis dolores. Accusantium sed est officiis est aut sed.','books/book-6.jpg','1998-12-12',316,'2025-01-08 14:55:56','2025-01-08 14:55:56'),
(337,'Steuber PLC','At sint similique quis vitae ea error. Omnis saepe qui autem inventore et voluptatum. In non pariatur magni dolorem libero amet accusamus.','books/book-2.jpg','1970-02-16',170,'2025-01-08 14:55:56','2025-01-08 14:55:56'),
(338,'Schimmel, Schiller and Collier','Ipsam officiis eius nam. Et id nam amet tempore dolore quasi voluptas. Similique est ad suscipit. Est non laborum deleniti esse eos inventore.','books/book-3.jpg','2021-06-28',109,'2025-01-08 14:55:56','2025-01-08 14:55:56'),
(339,'Conroy, Schamberger and Marvin','Ut at molestiae vitae unde. Ducimus nisi molestiae debitis id. Et nostrum eos nobis ut voluptates ea odio. Laboriosam cupiditate qui cum quisquam. Voluptatem ratione consequuntur totam unde non ullam.','books/book-8.jpg','1998-10-25',489,'2025-01-08 14:55:56','2025-01-08 14:55:56'),
(340,'Buckridge, Mertz and Bogan','Possimus voluptatem inventore rerum minima. Ad et et molestias. Molestiae fuga porro est cumque veritatis voluptatem temporibus. Veritatis eum quas aut sint nemo.','books/book-7.jpg','1994-01-10',405,'2025-01-08 14:55:56','2025-01-08 14:55:56'),
(341,'Tremblay PLC','Et accusamus corrupti atque ullam reiciendis non. Enim quasi ipsa dolorem. Repellendus odio ipsum architecto beatae quaerat magni. Ratione modi consequuntur labore facilis maxime aut molestiae.','books/book-6.jpg','1988-10-07',181,'2025-01-08 14:55:56','2025-01-08 14:55:56'),
(342,'Orn Group','Asperiores in distinctio earum nihil eum odit. Illo ipsa doloremque iusto. Qui harum ad repudiandae consequatur non minima. Ratione omnis eum quibusdam ducimus.','books/book-6.jpg','1987-05-18',139,'2025-01-08 14:55:56','2025-01-08 14:55:56'),
(343,'McGlynn LLC','Vel ad repellat libero voluptate numquam praesentium. Quos rem quidem occaecati dignissimos sapiente voluptates minus. Autem laborum aut eum ut.','books/book-2.jpg','2004-05-05',398,'2025-01-08 14:55:56','2025-01-08 14:55:56'),
(344,'Trantow Group','Voluptatem quidem voluptatem architecto aut. Facilis et voluptatum provident quisquam. Autem aut est aut. Neque non veniam culpa sit non blanditiis.','books/book-3.jpg','1997-01-18',441,'2025-01-08 14:55:56','2025-01-08 14:55:56'),
(345,'Zboncak, Runolfsdottir and Wunsch','Rerum dolorem hic fugiat qui. In distinctio et sed assumenda. Minus voluptatem ea veritatis iure veritatis similique.','books/book-2.jpg','1999-05-26',261,'2025-01-08 14:55:56','2025-01-08 14:55:56'),
(346,'Rowe-Rosenbaum','Laboriosam exercitationem ut culpa consequatur sed odio dolore. Corrupti quae vel voluptatem asperiores in. Aperiam libero ut necessitatibus dolore facilis dicta et. Non illo est architecto ad.','books/book-1.jpg','2017-07-12',206,'2025-01-08 14:55:56','2025-01-08 14:55:56'),
(347,'Volkman, Schamberger and Marquardt','Natus magni non delectus deserunt. Accusamus debitis non vel hic et. Maxime est dolores omnis delectus animi. Ut veritatis necessitatibus eveniet a.','books/book-3.jpg','1974-12-08',412,'2025-01-08 14:55:56','2025-01-08 14:55:56'),
(348,'Stanton, Abbott and O\'Kon','Ipsum cumque maiores eum vel libero excepturi. Mollitia illo tempora consequatur rerum quis. Ut qui officiis eos velit quia.','books/book-8.jpg','2008-02-16',250,'2025-01-08 14:55:56','2025-01-08 14:55:56'),
(349,'Kiehn, McLaughlin and Glover','Natus qui culpa repellendus. Repudiandae et qui velit. Voluptas est ipsum repudiandae incidunt. Rerum hic sint temporibus officia.','books/book-7.jpg','1982-07-17',164,'2025-01-08 14:55:56','2025-01-08 14:55:56'),
(350,'Borer Ltd','Et magnam et cumque cupiditate. Et eaque maxime fuga excepturi. Id est enim a iste a dicta laudantium.','books/book-1.jpg','1998-12-24',164,'2025-01-08 14:55:56','2025-01-08 14:55:56'),
(351,'Koch-McDermott','Rerum ut possimus dolorum id dolor aut. Eligendi voluptatum quis sed minima distinctio cupiditate ab. Quasi vel enim dolorem nobis suscipit non dignissimos. Nam incidunt quis nam ut.','books/book-3.jpg','1977-02-27',112,'2025-01-08 14:55:56','2025-01-08 14:55:56'),
(352,'Rath, Beer and Ernser','Distinctio alias maiores quam. Qui sequi in quaerat minus. Ipsum et fuga maxime sit.','books/book-5.jpg','2013-04-18',211,'2025-01-08 14:55:56','2025-01-08 14:55:56'),
(353,'Bartoletti-Kassulke','Dicta pariatur libero quam adipisci. Occaecati totam et consequatur ipsa. Sunt dolorum odit rerum laborum necessitatibus eum necessitatibus. Non est ex vel aut voluptates ea.','books/book-2.jpg','1995-02-22',259,'2025-01-08 14:55:56','2025-01-08 14:55:56'),
(354,'Kerluke-Kutch','Praesentium nulla molestiae enim eum. Aliquam sed tenetur aspernatur nemo. Accusantium eaque fugiat at exercitationem.','books/book-5.jpg','1995-07-16',256,'2025-01-08 14:55:56','2025-01-08 14:55:56'),
(355,'Hickle LLC','Accusamus molestiae harum ut eum voluptatem. Tempore eligendi reprehenderit aut deleniti. Eligendi voluptatem eos quibusdam qui ipsum nihil provident. Quia error modi corrupti repudiandae numquam aut.','books/book-6.jpg','2004-07-11',195,'2025-01-08 14:55:56','2025-01-08 14:55:56'),
(356,'Crist Ltd','Esse nihil corporis ut atque. Praesentium veritatis nihil molestiae quibusdam est incidunt. Molestiae rerum sapiente fuga mollitia.','books/book-8.jpg','2019-11-10',74,'2025-01-08 14:55:56','2025-01-08 14:55:56'),
(357,'Schoen Ltd','Quasi dolore minus velit facilis repellat non. Fugit voluptatem provident iure ipsam fugiat ut. Nam impedit hic sit numquam. Consequatur voluptatem corrupti quaerat nostrum id a.','books/book-7.jpg','1999-05-04',354,'2025-01-08 14:55:56','2025-01-08 14:55:56'),
(358,'Okuneva-Upton','Et quo ut sed. Qui nihil ipsum natus dicta voluptatem vel illo. Facere in excepturi laborum cupiditate voluptatem dicta. Laudantium quas sit vero qui excepturi.','books/book-7.jpg','2014-09-08',190,'2025-01-08 14:55:56','2025-01-08 14:55:56'),
(359,'Keeling and Sons','Sed rerum esse nesciunt nemo ipsum vel. Omnis est est excepturi aperiam. Asperiores dolor rerum in soluta mollitia eligendi.','books/book-8.jpg','2001-12-11',418,'2025-01-08 14:55:56','2025-01-08 14:55:56'),
(360,'Wiegand, Dickens and Boehm','Perferendis labore id qui itaque aliquid temporibus et. Aut esse tempora quae soluta voluptatem cupiditate aut. Aut dolor sit odio rerum facere. Facere molestiae sint quia debitis eum sint doloremque. Iure qui ut impedit nobis in.','books/book-6.jpg','2015-03-31',93,'2025-01-08 14:55:56','2025-01-08 14:55:56'),
(361,'Lakin-Ortiz','Eum ex inventore reiciendis amet sed asperiores. Quo voluptatum provident rerum. Recusandae voluptas qui voluptatem velit repellendus quia tempora. Voluptatem vel numquam laudantium quo eos enim.','books/book-2.jpg','2006-11-04',75,'2025-01-08 14:55:56','2025-01-08 14:55:56'),
(362,'Mertz, Roberts and Greenholt','Qui quia omnis optio. Ad et deserunt atque cupiditate quibusdam eos alias deleniti. Sunt aut reprehenderit distinctio ut dolores. At ducimus optio maxime molestias necessitatibus omnis sint. Porro quam tempore iure illum.','books/book-5.jpg','1999-08-07',242,'2025-01-08 14:55:56','2025-01-08 14:55:56'),
(363,'Jakubowski-Zulauf','Qui nisi ut veniam perferendis unde esse perspiciatis. Alias ullam eius qui nulla numquam voluptatem tempora. A quia unde ut non quia doloremque.','books/book-1.jpg','1988-10-23',208,'2025-01-08 14:55:56','2025-01-08 14:55:56'),
(364,'Jenkins, Harris and Zemlak','Minus qui quidem aperiam pariatur eligendi doloremque. Illo asperiores eos facilis amet tempore voluptas. Voluptatem nisi beatae aut.','books/book-2.jpg','2017-08-15',112,'2025-01-08 14:55:56','2025-01-08 14:55:56'),
(365,'Blick and Sons','Perspiciatis cum neque eius ex rerum cum. Doloribus ut autem qui qui dolor inventore. Veniam possimus dignissimos quis mollitia libero quia sed nam.','books/book-3.jpg','2011-07-25',459,'2025-01-08 14:55:56','2025-01-08 14:55:56'),
(366,'Wisozk, Connelly and Cremin','Impedit voluptatem nemo a architecto repudiandae. Sequi dolor provident corrupti similique assumenda accusantium natus. Quidem nemo aut voluptatem ut dignissimos quasi. Provident similique optio accusamus necessitatibus expedita error.','books/book-5.jpg','2023-01-08',18,'2025-01-08 14:55:56','2025-01-08 14:55:56'),
(367,'Rodriguez-Tillman','Earum repellendus sit fuga ea commodi. Quia dolorem consequatur mollitia deleniti itaque aut. Id autem eos fugit magnam.','books/book-1.jpg','2022-05-08',455,'2025-01-08 14:55:56','2025-01-08 14:55:56'),
(368,'Sanford LLC','Voluptatem est perferendis voluptate perspiciatis. Suscipit voluptatem est voluptatum tempore itaque. Ad porro eos consectetur explicabo inventore optio. Corporis iste incidunt ex repellat.','books/book-2.jpg','2021-01-01',367,'2025-01-08 14:55:56','2025-01-08 14:55:56'),
(369,'Pollich, Champlin and Bahringer','Corrupti magni deserunt ut expedita. Maxime repellat expedita autem quidem dolorem sed odio aut. Repellendus voluptatem ut eum impedit et temporibus voluptas. Quia laborum possimus ad.','books/book-8.jpg','1970-08-13',319,'2025-01-08 14:55:56','2025-01-08 14:55:56'),
(370,'Beer PLC','Quae quisquam dolorem voluptatibus quam id ut. Dolor aut molestiae magni sequi blanditiis. Rerum repudiandae ad ad ab asperiores beatae est.','books/book-2.jpg','2018-07-29',465,'2025-01-08 14:55:56','2025-01-08 14:55:56'),
(371,'Kuhn, Runolfsdottir and Goodwin','Doloremque nam aut eius id doloribus non quae. Veritatis necessitatibus iste perferendis et.','books/book-4.jpg','1996-10-07',117,'2025-01-08 14:55:56','2025-01-08 14:55:56'),
(372,'Legros-Ondricka','Vitae dolorem iusto libero nesciunt sint et totam. Molestias provident dolorum molestias itaque sit voluptas fugit.','books/book-2.jpg','2008-12-26',426,'2025-01-08 14:55:56','2025-01-08 14:55:56'),
(373,'Hauck Ltd','Non et modi dolores. Voluptas aliquam nihil dolore quasi. Error eum consequatur molestiae occaecati ducimus enim.','books/book-1.jpg','2018-11-15',98,'2025-01-08 14:55:56','2025-01-08 14:55:56'),
(374,'Dibbert-Gottlieb','Sunt ut modi fugit earum. Deleniti minus rerum necessitatibus adipisci qui nihil. Quae debitis molestiae et qui veniam. Nam architecto commodi sunt sed.','books/book-6.jpg','1978-12-25',174,'2025-01-08 14:55:56','2025-01-08 14:55:56'),
(375,'Rempel, Kihn and Rau','Nulla delectus qui pariatur distinctio eius. Ipsa ab in dolore consequuntur. Maiores natus asperiores dolores praesentium optio culpa sed.','books/book-7.jpg','1980-11-01',219,'2025-01-08 14:55:56','2025-01-08 14:55:56'),
(376,'Paucek-Mraz','Fugit quos maiores est quisquam quidem sint. Nihil earum atque vero voluptatem. Natus qui alias qui aut temporibus voluptatibus eum.','books/book-6.jpg','1977-09-25',99,'2025-01-08 14:55:56','2025-01-08 14:55:56'),
(377,'Wisoky-Kirlin','Corrupti a sit quibusdam incidunt. Vitae doloremque aut delectus maiores officiis. Adipisci quaerat quod earum ducimus temporibus omnis. Dolores magni qui fugit numquam delectus autem voluptas id.','books/book-2.jpg','1993-04-12',228,'2025-01-08 14:55:56','2025-01-08 14:55:56'),
(378,'Moore-Olson','Consequatur nobis magni et officia dolorem. Sint suscipit nulla molestiae eum quos voluptas aut non. Voluptate itaque nulla maiores officiis tempore eos totam. Voluptas inventore possimus et facere.','books/book-6.jpg','2021-04-15',292,'2025-01-08 14:55:56','2025-01-08 14:55:56'),
(379,'Murazik-Murray','Eum assumenda non doloribus quo. Est dolorem et ipsa. Quos delectus laudantium molestias. Unde eveniet perspiciatis iure ducimus tempore minus.','books/book-6.jpg','2023-11-16',426,'2025-01-08 14:55:56','2025-01-08 14:55:56'),
(380,'Kuhic Ltd','Dolore consequatur qui ut doloribus illo. Alias vel ipsa tempora. Accusamus totam vero quaerat quia.','books/book-1.jpg','2022-07-13',294,'2025-01-08 14:55:56','2025-01-08 14:55:56'),
(381,'Osinski-Hauck','Architecto doloribus placeat voluptatem et distinctio id nostrum. Consequatur deleniti accusantium quasi vel vitae repudiandae. Ab quia est et necessitatibus odio similique. Laboriosam similique optio neque.','books/book-1.jpg','1974-07-10',274,'2025-01-08 14:55:56','2025-01-08 14:55:56'),
(382,'Nicolas-Leannon','Quas voluptatem fugit debitis sit. Quam quo quaerat sunt sit magnam. Et autem tenetur maiores natus quia. Placeat in pariatur veritatis facilis est tempore animi.','books/book-6.jpg','1989-04-05',78,'2025-01-08 14:55:56','2025-01-08 14:55:56'),
(383,'Gislason-Olson','Quidem sunt ipsa dolorem. Delectus ea saepe accusamus aut commodi. Possimus distinctio voluptas harum inventore natus eum. Asperiores et libero cupiditate omnis recusandae nostrum provident. Minus et voluptatum illum dolores esse tempora enim.','books/book-2.jpg','2017-01-27',468,'2025-01-08 14:55:56','2025-01-08 14:55:56'),
(384,'Nikolaus and Sons','Ullam amet dolorem temporibus similique id. Et consequatur unde facilis nemo et. Error voluptas at itaque quod id aliquam. Possimus reprehenderit qui placeat aut omnis quas.','books/book-4.jpg','1983-05-17',131,'2025-01-08 14:55:56','2025-01-08 14:55:56'),
(385,'Klocko-Stamm','Porro eaque quis qui quas non. Libero quos et porro eos ut minus dolores. Libero totam id enim voluptas et eos magnam. Sequi harum ratione dolor id. Quae cupiditate quod sequi.','books/book-7.jpg','2007-06-13',369,'2025-01-08 14:55:56','2025-01-08 14:55:56'),
(386,'Kemmer-Terry','Libero facilis esse voluptas exercitationem eos dolore est. Qui esse qui deserunt. Aspernatur sit molestias sit velit dolorem.','books/book-6.jpg','1971-03-10',299,'2025-01-08 14:55:56','2025-01-08 14:55:56'),
(387,'Schoen-Douglas','Voluptatem voluptatem sint magnam nam cupiditate tenetur. Aut at consequatur velit neque nulla voluptas qui. Consequatur voluptatibus pariatur expedita laborum qui asperiores et.','books/book-5.jpg','2016-04-08',276,'2025-01-08 14:55:56','2025-01-08 14:55:56'),
(388,'Grady-Quitzon','Sequi velit asperiores minima assumenda. Fugiat eos dicta qui et amet aut et.','books/book-1.jpg','2016-08-10',358,'2025-01-08 14:55:56','2025-01-08 14:55:56'),
(389,'Fisher-Stroman','Tempora quia rem et atque laudantium occaecati et aut. Cupiditate dolor at consectetur animi aspernatur omnis sint. Et omnis ad veritatis et voluptatibus ullam.','books/book-6.jpg','1981-04-16',449,'2025-01-08 14:55:56','2025-01-08 14:55:56'),
(390,'Medhurst and Sons','Ipsum autem quisquam sint quis. Non voluptatem impedit ut reiciendis et a et. Eum voluptates autem illo cumque tempore asperiores. Deleniti autem sit et cupiditate.','books/book-6.jpg','2011-06-03',210,'2025-01-08 14:55:56','2025-01-08 14:55:56'),
(391,'Goldner, Hills and Mann','Quia totam similique consequatur aut. Alias tempora et consequatur rem enim facilis ex. Ut velit aut porro illum cupiditate ex. Nulla dolores at et at.','books/book-6.jpg','1999-06-02',240,'2025-01-08 14:55:56','2025-01-08 14:55:56'),
(392,'Lehner Ltd','Animi modi harum eligendi cupiditate inventore non numquam. Debitis quis illo ut quia rerum aliquam quo. Esse nihil neque animi nam minima qui nihil et.','books/book-1.jpg','1971-02-03',40,'2025-01-08 14:55:56','2025-01-08 14:55:56'),
(393,'Ferry-Reynolds','Nisi esse sequi eum est et. Pariatur recusandae odit quibusdam facilis. Recusandae esse numquam non placeat earum laudantium. Quia aut distinctio sed explicabo sequi voluptatum.','books/book-3.jpg','2019-09-30',38,'2025-01-08 14:55:56','2025-01-08 14:55:56'),
(394,'Smith-Cremin','Commodi ut neque soluta minus rerum quisquam. Soluta adipisci a deserunt culpa consequuntur.','books/book-6.jpg','1980-06-30',267,'2025-01-08 14:55:56','2025-01-08 14:55:56'),
(395,'Sporer, Lowe and Murphy','Nihil totam eos porro sapiente laudantium doloremque qui quibusdam. Sint perferendis voluptatum dolores. Similique quod enim eligendi culpa animi. Earum repellendus molestias nemo hic sint adipisci aut voluptatum.','books/book-3.jpg','1980-06-04',95,'2025-01-08 14:55:56','2025-01-08 14:55:56'),
(396,'Lynch, Dicki and Aufderhar','Deleniti fugit consequatur voluptas consequatur vel excepturi ratione. Molestiae recusandae dolorem vel et. Sit consectetur cupiditate nihil totam porro et distinctio.','books/book-5.jpg','1983-11-09',41,'2025-01-08 14:55:56','2025-01-08 14:55:56'),
(397,'Wolf LLC','Ducimus ea consequatur ratione recusandae ea et commodi reprehenderit. Autem molestiae iusto adipisci sequi aut. Ut quae illum enim asperiores placeat minima quidem. Dolor harum magni qui.','books/book-8.jpg','2021-07-06',50,'2025-01-08 14:55:56','2025-01-08 14:55:56'),
(398,'Konopelski LLC','Qui saepe error ullam architecto vero. Suscipit libero magni ipsum tenetur. Aliquam ipsa cum enim similique.','books/book-2.jpg','1986-03-15',440,'2025-01-08 14:55:56','2025-01-08 14:55:56'),
(399,'Graham, VonRueden and Kemmer','Quia beatae neque cupiditate natus. Et ut assumenda ducimus est odio eum laboriosam amet. Animi culpa inventore quos consequatur maxime tenetur et cumque. Minima qui et consequatur et quas dolores ut autem.','books/book-4.jpg','1989-07-16',155,'2025-01-08 14:55:56','2025-01-08 14:55:56'),
(400,'Kulas, Keeling and Borer','Expedita provident dicta enim quisquam ut aut. Sed inventore totam quasi. Commodi ullam id corrupti ut. Molestiae veritatis quae numquam harum voluptas est consequatur.','books/book-4.jpg','2012-01-12',500,'2025-01-08 14:55:56','2025-01-08 14:55:56'),
(401,'Von-Towne','Dolorem quia molestiae eos assumenda. Est consequatur sint expedita magnam. Qui ad deserunt exercitationem amet quod. Eos pariatur eos voluptatem cum sit libero.','books/book-7.jpg','1983-05-01',347,'2025-01-08 14:55:56','2025-01-08 14:55:56'),
(402,'Balistreri-Erdman','Aut voluptatum reprehenderit inventore non vero et eum. Dolor officia sed soluta voluptas voluptatum dolores voluptatem. Sunt expedita saepe unde autem illum et corporis.','books/book-6.jpg','1979-10-30',71,'2025-01-08 14:55:56','2025-01-08 14:55:56'),
(403,'Goodwin, Oberbrunner and Conroy','Id itaque excepturi id corrupti nobis quos nemo molestiae. Non vitae laudantium molestias nemo molestiae. Voluptatem qui voluptatibus delectus aut.','books/book-2.jpg','1977-10-08',310,'2025-01-08 14:55:56','2025-01-08 14:55:56'),
(404,'Cole-Carroll','Ea quisquam nobis aut at doloremque ratione. Sequi in nesciunt maiores voluptates quia quis ea. Quisquam eum ipsa sunt quaerat ea.','books/book-7.jpg','1991-09-18',190,'2025-01-08 14:55:56','2025-01-08 14:55:56'),
(405,'Auer-Auer','Ea deserunt autem sed ratione aliquam. Consequatur possimus sit porro a. Exercitationem est odio incidunt sit nemo velit ducimus quia.','books/book-8.jpg','2002-05-04',17,'2025-01-08 14:55:56','2025-01-08 14:55:56'),
(406,'Hahn, O\'Keefe and Dibbert','Maiores non aspernatur accusamus consequatur doloribus eum. Omnis vel dolorem debitis officiis. Autem pariatur autem reprehenderit omnis architecto. Autem eum illo in quos enim tempore omnis.','books/book-2.jpg','2012-07-24',479,'2025-01-08 14:55:56','2025-01-08 14:55:56'),
(407,'Kautzer PLC','Doloremque animi repellendus facere. Facilis eos recusandae corrupti. Natus eos hic magni voluptatem. Dolor numquam harum repudiandae corporis voluptas est.','books/book-4.jpg','1982-06-02',497,'2025-01-08 14:55:56','2025-01-08 14:55:56'),
(408,'Cummings-Towne','Ipsam repellat eos facere. Occaecati repellat sunt necessitatibus architecto omnis temporibus sunt. Corrupti ipsam laborum pariatur aliquid suscipit veritatis. Dolorem assumenda dolores ducimus vero.','books/book-3.jpg','1974-07-18',272,'2025-01-08 14:55:56','2025-01-08 14:55:56'),
(409,'Monahan, Bogisich and Hilpert','Consequuntur consectetur et qui nesciunt consequatur quo. Voluptates accusantium placeat perferendis quidem laboriosam et. Mollitia laboriosam itaque autem velit architecto error.','books/book-4.jpg','1998-03-14',104,'2025-01-08 14:55:56','2025-01-08 14:55:56'),
(410,'Bernhard PLC','Adipisci magnam eos magnam aspernatur sed ea facilis. Facilis ut officiis blanditiis et. Velit alias repellat distinctio neque.','books/book-4.jpg','1985-05-03',409,'2025-01-08 14:55:56','2025-01-08 14:55:56'),
(411,'Buckridge-Hermiston','Quis ducimus iure dolores numquam. Et et est vel deleniti. Occaecati deleniti ullam nesciunt repudiandae.','books/book-1.jpg','2001-05-11',161,'2025-01-08 14:55:56','2025-01-08 14:55:56'),
(412,'Padberg-Welch','Qui placeat voluptas rem omnis amet. Et quo rerum perspiciatis nihil accusantium. Similique voluptatem quisquam cum molestias. Sit molestias quae qui velit.','books/book-7.jpg','1980-05-21',86,'2025-01-08 14:55:56','2025-01-08 14:55:56'),
(413,'Lakin, Hammes and Franecki','Quibusdam modi doloribus a veniam blanditiis nulla. Reprehenderit odio blanditiis magni qui unde. Repudiandae asperiores et itaque saepe. Animi consequatur ea occaecati praesentium voluptatem consequatur.','books/book-6.jpg','1984-06-21',205,'2025-01-08 14:55:56','2025-01-08 14:55:56'),
(414,'Ankunding-Gerhold','Unde quia sed rem itaque repudiandae ut error. Odit voluptate adipisci dolorum voluptatum. Nam sint et provident a dolores.','books/book-5.jpg','1984-12-25',297,'2025-01-08 14:55:56','2025-01-08 14:55:56'),
(415,'West, Franecki and Stark','Odio perspiciatis voluptatum voluptatem quis voluptatum explicabo enim. Nulla laborum commodi occaecati non quam qui vitae. Ea in minus pariatur enim dicta totam. Non cum placeat dolorum ut quo ea labore.','books/book-2.jpg','1974-01-25',373,'2025-01-08 14:55:56','2025-01-08 14:55:56'),
(416,'Wilkinson Ltd','Porro a omnis quas sed facere repudiandae. Et aut culpa porro sunt. Iste quam vero commodi voluptas nisi et. Assumenda vitae et debitis possimus reprehenderit rem. Voluptas soluta sit aut illo dolorem neque voluptatem.','books/book-5.jpg','2019-03-13',111,'2025-01-08 14:55:56','2025-01-08 14:55:56'),
(417,'Stiedemann-Mosciski','Deleniti cumque fuga optio. Nobis sed aliquam dolorem et eos illum. Enim autem optio dolor et voluptas. Rem harum voluptas voluptas et.','books/book-1.jpg','2015-12-09',127,'2025-01-08 14:55:56','2025-01-08 14:55:56'),
(418,'Howell Group','Dolores necessitatibus voluptatem enim enim et velit. Id provident quisquam velit et. Dolores id unde maxime omnis porro esse.','books/book-6.jpg','2016-09-10',225,'2025-01-08 14:55:56','2025-01-08 14:55:56'),
(419,'O\'Reilly, Gutkowski and Graham','Voluptatem explicabo numquam facere excepturi quam. Quis corporis iste laboriosam nisi autem. Labore aut dolorem quidem. Amet ut repudiandae tenetur et sunt.','books/book-5.jpg','1976-11-21',476,'2025-01-08 14:55:56','2025-01-08 14:55:56'),
(420,'Gislason, Koepp and Vandervort','Saepe exercitationem dicta ut quia ratione. Magnam exercitationem exercitationem sunt. Ad velit iure quas quidem.','books/book-4.jpg','1987-09-12',163,'2025-01-08 14:55:56','2025-01-08 14:55:56'),
(421,'Jacobson, Krajcik and Langosh','Voluptatem saepe nostrum laudantium dolorum. Non atque excepturi quia. Suscipit incidunt deleniti officia vel ducimus facilis.','books/book-1.jpg','1994-03-20',137,'2025-01-08 14:55:56','2025-01-08 14:55:56'),
(422,'Dooley LLC','Explicabo facere architecto autem amet. Vero nobis consequatur expedita ut error. Doloremque ut natus quia dicta. Nulla totam repudiandae eos aut recusandae non sint ad.','books/book-4.jpg','2023-06-08',238,'2025-01-08 14:55:56','2025-01-08 14:55:56'),
(423,'Lubowitz, Padberg and Haley','Incidunt qui aut dolor velit quo. Hic nesciunt amet deleniti reprehenderit quisquam sed veniam expedita. Eum ipsum et et nostrum at illum.','books/book-7.jpg','1987-02-11',444,'2025-01-08 14:55:56','2025-01-08 14:55:56'),
(424,'Gaylord, Frami and Turcotte','Reiciendis necessitatibus aliquam voluptas dolorem. Omnis saepe dolores molestiae ullam facilis neque porro autem. Assumenda quas quis ab praesentium. Laborum nisi sed delectus consequatur aut esse.','books/book-7.jpg','1992-06-07',410,'2025-01-08 14:55:56','2025-01-08 14:55:56'),
(425,'Thiel Group','Velit consectetur est libero ea voluptatum tempore. Et quasi nihil rerum quidem quo officia quas. Amet voluptas sit quas iusto et earum sunt. Nulla id earum deserunt quidem accusantium.','books/book-7.jpg','2010-06-29',114,'2025-01-08 14:55:56','2025-01-08 14:55:56'),
(426,'Heidenreich, Ruecker and Schultz','Dolorem provident impedit maxime id et odit harum. Quo dolorem eum voluptatem necessitatibus. Aut facere soluta natus mollitia optio et adipisci. Omnis deserunt nisi aut voluptates placeat eius eos.','books/book-3.jpg','2014-05-07',437,'2025-01-08 14:55:56','2025-01-08 14:55:56'),
(427,'Yost LLC','Vel et molestiae qui omnis expedita rerum ipsam quis. Laboriosam nobis delectus quos. Voluptatum sunt et sint voluptatem sequi.','books/book-7.jpg','2022-07-12',255,'2025-01-08 14:55:56','2025-01-08 14:55:56'),
(428,'White Inc','Voluptas suscipit aspernatur ex unde. Autem velit quaerat ipsa. Nulla aut nesciunt nobis consequatur ut ut. Sint natus consectetur eum.','books/book-2.jpg','1972-01-12',216,'2025-01-08 14:55:56','2025-01-08 14:55:56'),
(429,'Weber-Harvey','Ut id aut reiciendis vel ut et. Voluptatem et adipisci perferendis sapiente est fugit ducimus. Unde at placeat molestiae sed unde non harum. Consectetur reprehenderit vitae nesciunt.','books/book-6.jpg','1972-09-08',357,'2025-01-08 14:55:56','2025-01-08 14:55:56'),
(430,'Quigley-Crooks','Neque velit commodi sed aliquid. Unde ut voluptatem cum blanditiis. Possimus perspiciatis sit eum omnis et accusamus ipsam. Iste aspernatur voluptas iste.','books/book-5.jpg','2019-06-25',170,'2025-01-08 14:55:56','2025-01-08 14:55:56'),
(431,'Beer and Sons','Ad voluptas ut eveniet possimus. Dolor dolor aliquam et et nobis. Eos natus dignissimos rerum dignissimos quos sed consequuntur dolorem. Et quia consequuntur optio id.','books/book-2.jpg','1993-05-22',220,'2025-01-08 14:55:56','2025-01-08 14:55:56'),
(432,'Murazik, Quitzon and Ward','Accusantium quo officiis rem et sed aspernatur dolorem. Voluptatum ratione sit hic deleniti deserunt est. Vero nulla qui iure occaecati dignissimos. Cum non ratione et natus.','books/book-2.jpg','1986-02-21',258,'2025-01-08 14:55:56','2025-01-08 14:55:56'),
(433,'Gerhold, Dach and Bruen','Voluptates vero excepturi rerum pariatur deserunt expedita et. Ut blanditiis veritatis sunt aut veritatis. Enim esse voluptatum beatae facilis adipisci adipisci qui. Soluta et nisi natus tenetur perferendis debitis est.','books/book-1.jpg','2001-04-06',109,'2025-01-08 14:55:56','2025-01-08 14:55:56'),
(434,'Deckow, Blanda and Turner','Libero dicta vitae molestias non ea. Odio nostrum placeat magni assumenda quia. Sit ut exercitationem et ut. Magni saepe eos quis corrupti fugit eveniet voluptatem.','books/book-3.jpg','1995-10-02',250,'2025-01-08 14:55:56','2025-01-08 14:55:56'),
(435,'Gerlach PLC','Quod vel vel odit et. Ab fuga et nisi autem et occaecati reiciendis. Earum porro quia at voluptatem. Commodi excepturi qui dignissimos recusandae rerum. A quo in quo enim non accusamus dolor.','books/book-4.jpg','2007-06-19',290,'2025-01-08 14:55:56','2025-01-08 14:55:56'),
(436,'Hettinger PLC','At sapiente repellendus quasi blanditiis saepe consequuntur placeat. Sit ut aut facere voluptas ex. Est deleniti reiciendis alias qui. Qui aspernatur dolorem modi maiores incidunt unde.','books/book-5.jpg','1989-10-31',128,'2025-01-08 14:55:56','2025-01-08 14:55:56'),
(437,'Baumbach-Strosin','Quia quidem eos vel omnis. Nulla facere quam a qui tempore beatae itaque. Velit sed molestias non quas impedit nostrum neque.','books/book-2.jpg','2009-11-12',457,'2025-01-08 14:55:56','2025-01-08 14:55:56'),
(438,'Considine, Parker and Altenwerth','Aut et et id soluta. Sit quam vel itaque consequatur.','books/book-7.jpg','1982-12-19',422,'2025-01-08 14:55:56','2025-01-08 14:55:56'),
(439,'Hegmann, Marquardt and Harris','Voluptatem sed possimus quas perferendis qui velit dicta. Adipisci debitis et eveniet nisi repudiandae dolor. Doloribus minima et nihil laboriosam quibusdam odit nam.','books/book-5.jpg','1986-03-21',160,'2025-01-08 14:55:56','2025-01-08 14:55:56'),
(440,'Bradtke, O\'Keefe and Yost','Mollitia quo rerum provident ut et. Tempora laudantium qui aspernatur cumque. Laboriosam ea harum et laudantium. Numquam culpa eveniet consectetur. Distinctio non possimus consequatur.','books/book-4.jpg','1970-01-21',56,'2025-01-08 14:55:56','2025-01-08 14:55:56'),
(441,'Boyle-Daugherty','Quam fuga ut nihil cumque veritatis ut. Quia excepturi quas nemo similique sunt optio.','books/book-8.jpg','2005-03-24',453,'2025-01-08 14:55:56','2025-01-08 14:55:56'),
(442,'Batz, Bosco and Kohler','Est ipsa ea commodi enim commodi. Rem quia numquam corporis velit ipsa. Et sit modi molestias qui natus. Praesentium et facere voluptas laborum.','books/book-1.jpg','1979-09-15',23,'2025-01-08 14:55:56','2025-01-08 14:55:56'),
(443,'Lynch, O\'Conner and Hyatt','Aperiam praesentium ut voluptate cumque enim qui unde. Adipisci quod excepturi consequatur saepe. At temporibus nesciunt est rerum. Ipsa ea quis reiciendis et saepe iure.','books/book-8.jpg','1977-05-09',402,'2025-01-08 14:55:56','2025-01-08 14:55:56'),
(444,'Rutherford Group','Id nulla explicabo rem minus. Voluptate autem tenetur occaecati occaecati non quia dolore. Inventore odit exercitationem eveniet et.','books/book-2.jpg','1973-01-09',243,'2025-01-08 14:55:56','2025-01-08 14:55:56'),
(445,'Barrows and Sons','Fuga voluptas quod voluptas et doloribus non. Ut molestiae laudantium sit. Praesentium qui harum tempora et magnam.','books/book-8.jpg','1978-07-08',487,'2025-01-08 14:55:56','2025-01-08 14:55:56'),
(446,'Witting Ltd','Iste in blanditiis aspernatur aut ut est ut. Aut quis distinctio in dolor. Rerum et sed consectetur quidem omnis debitis.','books/book-3.jpg','2018-08-06',10,'2025-01-08 14:55:56','2025-01-08 14:55:56'),
(447,'Murray, Turner and Pacocha','Voluptatibus numquam dolore amet est exercitationem libero. Dolores dicta repudiandae natus provident. Ut aut aut expedita reprehenderit nam. Magnam dolores est aliquam qui eius.','books/book-3.jpg','1971-11-01',463,'2025-01-08 14:55:56','2025-01-08 14:55:56'),
(448,'Gibson, Gislason and Mitchell','Quibusdam nihil incidunt itaque quis rerum mollitia aut. Sapiente quod aut non nulla illum facilis corrupti. Voluptas qui corporis porro fuga.','books/book-4.jpg','1977-02-26',70,'2025-01-08 14:55:56','2025-01-08 14:55:56'),
(449,'Jacobson Inc','Dolores quae eum expedita illum eius et dolores. Quis deserunt ipsum enim dicta fuga laudantium asperiores. Voluptas amet praesentium cupiditate vel dolores qui dolor. Dolor dolorem quae animi suscipit quam itaque. Quos et eos praesentium eos molestias.','books/book-5.jpg','1986-07-15',195,'2025-01-08 14:55:56','2025-01-08 14:55:56'),
(450,'Hahn, Wolff and Streich','Ratione exercitationem quam excepturi consequuntur non modi nostrum. Enim quibusdam explicabo corrupti adipisci eum. Saepe fuga pariatur perferendis tempora voluptatum eaque laboriosam. Deleniti quia enim quasi voluptas et accusantium.','books/book-4.jpg','1985-04-01',153,'2025-01-08 14:55:56','2025-01-08 14:55:56'),
(451,'Kozey, Sanford and Rogahn','Minus esse quibusdam rem. Et fugit dolor dolores eos vero. Ex dolor placeat natus voluptatem fuga est sequi aperiam.','books/book-1.jpg','2022-05-03',48,'2025-01-08 14:55:56','2025-01-08 14:55:56'),
(452,'Howe-Rippin','Dolorem ut voluptatum blanditiis aut ea nobis. Incidunt enim pariatur esse et iste amet fugiat totam. Magnam tempore et aliquam ducimus.','books/book-6.jpg','1985-11-25',238,'2025-01-08 14:55:56','2025-01-08 14:55:56'),
(453,'Schoen, O\'Conner and Marks','Quidem nihil ut rerum iste. Ut sed aut aliquid. Deserunt qui aut illum. Officiis et beatae provident est molestiae dolor qui.','books/book-5.jpg','1996-06-04',30,'2025-01-08 14:55:56','2025-01-08 14:55:56'),
(454,'West and Sons','Libero excepturi quo necessitatibus harum. Quo beatae id veritatis neque rerum corrupti.','books/book-4.jpg','2003-11-27',172,'2025-01-08 14:55:56','2025-01-08 14:55:56'),
(455,'Kreiger Inc','Voluptates minima in rerum esse ullam perferendis. Cumque officia illum dolores nisi. Tempora saepe consequatur aut omnis.','books/book-8.jpg','2023-08-15',401,'2025-01-08 14:55:56','2025-01-08 14:55:56'),
(456,'Walsh, Torp and Wilderman','Aspernatur unde suscipit sed architecto dolores. Quo rerum voluptatem ullam dolores voluptatem. Consequatur velit nam officiis et nemo voluptates.','books/book-6.jpg','1987-10-08',366,'2025-01-08 14:55:56','2025-01-08 14:55:56'),
(457,'Beier-Steuber','Officia blanditiis dolor amet fugit sed aut quia qui. Dolores eum nostrum omnis et inventore. Vitae omnis et hic.','books/book-6.jpg','1981-09-08',106,'2025-01-08 14:55:56','2025-01-08 14:55:56'),
(458,'McLaughlin and Sons','Nihil omnis quia provident nemo assumenda saepe. Et reprehenderit alias dolores quia debitis ullam.','books/book-4.jpg','1980-05-08',219,'2025-01-08 14:55:56','2025-01-08 14:55:56'),
(459,'Price-Heller','Hic non nulla odio quia saepe quae dolorem. Reiciendis quam aut et eius voluptates. Dolorem iure necessitatibus beatae illo omnis. Repellendus sit dolor dolor est quia magnam.','books/book-6.jpg','1983-09-25',460,'2025-01-08 14:55:56','2025-01-08 14:55:56'),
(460,'Nader-Botsford','Quam et qui autem qui praesentium at vitae placeat. Assumenda rerum in facere amet amet nam dolor accusantium. Rerum quia rerum exercitationem qui aut at nam. Qui harum dolorem aut aspernatur unde qui.','books/book-8.jpg','2000-02-03',204,'2025-01-08 14:55:56','2025-01-08 14:55:56'),
(461,'Toy LLC','Eveniet qui quam et illo voluptatem eos. Et explicabo repellendus in natus. Perspiciatis itaque inventore voluptate explicabo repellendus.','books/book-2.jpg','1978-02-17',302,'2025-01-08 14:55:56','2025-01-08 14:55:56'),
(462,'Bahringer, Huels and Hermann','Commodi quia veniam odio quia iusto. Expedita fugiat facilis et qui velit similique. Repellat consequatur molestiae ut laborum.','books/book-4.jpg','1983-11-21',389,'2025-01-08 14:55:56','2025-01-08 14:55:56'),
(463,'Dicki-Harvey','Dignissimos rerum delectus dolorem natus eum quaerat. Eum quia error numquam non ea. Natus quasi a incidunt harum nisi.','books/book-1.jpg','1993-08-05',1,'2025-01-08 14:55:56','2025-01-08 14:55:56'),
(464,'Predovic, Huel and Kassulke','Quod est sunt odio et. Rerum eius qui qui adipisci maxime repellendus. Et repellendus officiis unde. Aliquam rerum odio sunt qui.','books/book-2.jpg','2008-06-08',202,'2025-01-08 14:55:56','2025-01-08 14:55:56'),
(465,'Rath Ltd','Culpa reprehenderit quia vel praesentium magni id facere. Iste ipsa id omnis iste sint.','books/book-2.jpg','2009-03-14',29,'2025-01-08 14:55:56','2025-01-08 14:55:56'),
(466,'Kihn-Walsh','Dolore est totam deserunt rem et qui. Dicta rerum consequatur eius id. Officia qui voluptatem nam quidem. Accusantium labore reprehenderit aliquam pariatur nostrum dicta ut.','books/book-4.jpg','2007-09-28',176,'2025-01-08 14:55:56','2025-01-08 14:55:56'),
(467,'McKenzie-Bechtelar','Inventore aut rerum illum ut rerum ipsum. Consequatur id sapiente dolorem provident libero sunt. Minima ea corporis asperiores quo error. Autem iure dolor vero officia eius.','books/book-6.jpg','2006-10-26',34,'2025-01-08 14:55:56','2025-01-08 14:55:56'),
(468,'Smith Group','Sint laboriosam voluptates rerum ipsa et quia ad perferendis. Minima reiciendis dolor et. Aut quibusdam dolor saepe est iusto odit maxime. Perferendis autem ut quis nemo amet et.','books/book-3.jpg','2006-06-06',446,'2025-01-08 14:55:56','2025-01-08 14:55:56'),
(469,'Heaney LLC','Qui provident tempora voluptas autem iste incidunt adipisci. Dolores quia soluta consequatur aut in. Exercitationem neque quasi nemo quas est enim fuga. Qui repellendus eveniet iste incidunt.','books/book-3.jpg','2018-10-26',88,'2025-01-08 14:55:56','2025-01-08 14:55:56'),
(470,'Larkin and Sons','Quasi omnis dolor tempora possimus. Maxime perspiciatis quia minima nostrum. Quidem veritatis sequi magnam id fuga a repellendus. Aut eos adipisci ut neque.','books/book-4.jpg','2013-11-12',152,'2025-01-08 14:55:56','2025-01-08 14:55:56'),
(471,'Homenick and Sons','Consequuntur aliquam perspiciatis voluptas. Ea exercitationem aut voluptatem facilis. Reprehenderit ratione maiores voluptatem et corrupti et. Doloribus deserunt voluptas dolorum aut aut aliquid.','books/book-5.jpg','2009-05-23',237,'2025-01-08 14:55:56','2025-01-08 14:55:56'),
(472,'Kuvalis, Hansen and Friesen','Fugit deserunt vitae nihil eos in nisi. Et tempora omnis ut. Tempore minus eveniet aut commodi similique similique illo consectetur. Magni doloremque quo non.','books/book-6.jpg','2024-10-31',289,'2025-01-08 14:55:56','2025-01-08 14:55:56'),
(473,'Gerhold, Schmidt and Harris','Inventore unde quaerat facilis maiores voluptates. Rem illo nemo temporibus et ex est.','books/book-3.jpg','2004-03-10',473,'2025-01-08 14:55:56','2025-01-08 14:55:56'),
(474,'Lakin, Konopelski and Reichert','Et et sit voluptatem in aliquam velit. Assumenda quia ducimus et accusantium voluptatem excepturi dicta. Omnis sequi temporibus quis accusamus sunt temporibus.','books/book-8.jpg','2012-03-23',119,'2025-01-08 14:55:56','2025-01-08 14:55:56'),
(475,'Braun-Hansen','Quibusdam aut beatae aliquam iusto aut qui recusandae tenetur. Eos consequatur est assumenda adipisci sit doloribus et. Ut consequatur ut ut qui odit quibusdam.','books/book-4.jpg','2009-08-09',141,'2025-01-08 14:55:56','2025-01-08 14:55:56'),
(476,'Deckow, Waelchi and Stark','Voluptas corrupti rerum necessitatibus occaecati. Adipisci ipsum facere sit qui doloribus quas. Libero consectetur et praesentium id illo earum iste odit. Et ex culpa est. Accusamus quidem quia cumque molestiae voluptatum exercitationem.','books/book-6.jpg','1990-09-10',51,'2025-01-08 14:55:56','2025-01-08 14:55:56'),
(477,'Bogan-Miller','Est expedita quia harum ratione qui amet non aperiam. Sit minima dolorem ut et labore. A dolorem tempora vel dolores tempora qui magni et.','books/book-7.jpg','1971-06-07',474,'2025-01-08 14:55:56','2025-01-08 14:55:56'),
(478,'Feil, Kunde and Cummings','Inventore omnis fugiat ut reprehenderit. Provident ipsam aspernatur ab reiciendis. Maiores similique aspernatur dignissimos quo eligendi.','books/book-2.jpg','1989-04-23',310,'2025-01-08 14:55:56','2025-01-08 14:55:56'),
(479,'Wyman-Larson','Consequuntur voluptas corrupti harum quia voluptatum. Est rem voluptatem unde molestiae rerum quo occaecati. Ut et dolorum omnis et ea facere. Qui molestias et quaerat itaque minima praesentium.','books/book-1.jpg','1985-05-21',209,'2025-01-08 14:55:56','2025-01-08 14:55:56'),
(480,'Kirlin-Cassin','Sint sunt porro aperiam eaque. Molestiae minus magnam consectetur repellat quidem voluptatibus. Est dolor dolorum ut et.','books/book-5.jpg','2003-02-22',421,'2025-01-08 14:55:56','2025-01-08 14:55:56'),
(481,'Towne-Mills','Perspiciatis consequuntur amet laborum officia. Aut distinctio et accusamus aut officiis. Id in distinctio vitae omnis est iusto laudantium.','books/book-2.jpg','1983-06-05',423,'2025-01-08 14:55:56','2025-01-08 14:55:56'),
(482,'Haley Group','Esse pariatur consequatur et iste exercitationem. Dolorum et quibusdam culpa non placeat saepe magni. Dolorum consequatur qui expedita earum. Minus pariatur et distinctio incidunt ex iusto.','books/book-7.jpg','1996-07-06',70,'2025-01-08 14:55:56','2025-01-08 14:55:56'),
(483,'Schuster and Sons','Sit eveniet dignissimos cumque odit voluptatum iste. Voluptatem sed dolor sed deleniti sit blanditiis voluptatem sed. Facere explicabo officia hic molestiae error. Laudantium beatae beatae quis consectetur.','books/book-7.jpg','2023-07-17',435,'2025-01-08 14:55:56','2025-01-08 14:55:56'),
(484,'Murazik PLC','Et sapiente veniam commodi. Sint voluptate nihil ex nihil enim. Possimus reprehenderit repellat similique qui. Qui sed doloribus quia asperiores.','books/book-3.jpg','1987-01-31',248,'2025-01-08 14:55:56','2025-01-08 14:55:56'),
(485,'Bednar, Hermiston and Prosacco','Tempore molestiae at dicta esse. Dicta dolorum quod voluptate qui rerum. Ea nulla voluptatem ut.','books/book-6.jpg','2013-12-06',490,'2025-01-08 14:55:56','2025-01-08 14:55:56'),
(486,'Wisozk-Williamson','Ut nihil dolor qui voluptate minus qui architecto. Dicta consequatur sed ducimus corporis. Est laboriosam minus ut laudantium mollitia aliquid. Eum in quaerat vitae officia.','books/book-4.jpg','1989-02-09',159,'2025-01-08 14:55:56','2025-01-08 14:55:56'),
(487,'Lowe Inc','Qui ab est et repudiandae et. In quod perspiciatis dolore nulla. Molestiae ab possimus temporibus sed tenetur illo. Ea laudantium minus facilis assumenda et perferendis nihil. Accusantium atque similique at qui vero beatae laborum.','books/book-6.jpg','2015-09-28',388,'2025-01-08 14:55:56','2025-01-08 14:55:56'),
(488,'Funk-Thompson','Repellat explicabo aliquam quae aliquam molestiae harum. Architecto consequatur libero et eius velit quibusdam. In nemo placeat natus atque. Amet sed quisquam molestiae nesciunt.','books/book-3.jpg','1972-10-12',77,'2025-01-08 14:55:56','2025-01-08 14:55:56'),
(489,'Wisoky-Turcotte','Sunt dolorem quisquam quo odit. Officiis in nihil autem sit aut dolorem. Deleniti est corrupti quia quidem facilis.','books/book-8.jpg','1983-06-13',44,'2025-01-08 14:55:56','2025-01-08 14:55:56'),
(490,'Yost-Armstrong','Quis non debitis voluptas quod enim accusantium aliquam. Dolorem rerum mollitia nemo quod quis sequi. Qui enim expedita omnis autem et dolorum iure odio.','books/book-4.jpg','1992-04-13',194,'2025-01-08 14:55:56','2025-01-08 14:55:56'),
(491,'Hamill Ltd','Tempore consequuntur architecto vero aut placeat dolores et. Iste et voluptatem et ea. Dolor facilis reprehenderit ut voluptatibus dolore. Saepe vitae nostrum ut ut nemo cum. Dolor exercitationem provident provident sint quia corrupti placeat.','books/book-7.jpg','1972-12-24',303,'2025-01-08 14:55:56','2025-01-08 14:55:56'),
(492,'Roberts, Glover and Wehner','Deserunt esse quasi rerum est numquam nihil fugit. Temporibus nihil et omnis nesciunt commodi quaerat. Eum aperiam ut distinctio. Quibusdam exercitationem velit possimus velit architecto modi fugiat itaque.','books/book-3.jpg','1992-08-13',273,'2025-01-08 14:55:56','2025-01-08 14:55:56'),
(493,'Kozey, Kihn and Schaefer','Reprehenderit et quo id impedit nemo et. Nesciunt natus fuga rerum. Omnis ullam neque ex et.','books/book-6.jpg','2019-03-14',400,'2025-01-08 14:55:56','2025-01-08 14:55:56'),
(494,'Rosenbaum-VonRueden','Expedita dicta minima laboriosam. Odio beatae esse voluptatum id praesentium nisi et voluptatem. Aperiam accusantium a possimus eum sapiente magnam atque. Voluptas est qui qui officia.','books/book-6.jpg','1973-04-05',150,'2025-01-08 14:55:56','2025-01-08 14:55:56'),
(495,'Batz, Champlin and Pacocha','Ab voluptate rem dolores accusantium adipisci blanditiis doloribus qui. Eligendi sapiente quibusdam voluptatem officia ut error. Molestiae veniam dolorem dicta. Qui blanditiis voluptate aut ea autem aut.','books/book-3.jpg','2003-06-02',255,'2025-01-08 14:55:56','2025-01-08 14:55:56'),
(496,'Fritsch-Okuneva','Cum suscipit et reprehenderit numquam veritatis qui ad. Dolor cumque excepturi totam.','books/book-7.jpg','1971-12-07',95,'2025-01-08 14:55:56','2025-01-08 14:55:56'),
(497,'Bayer-Sauer','Doloremque quo quia illo itaque odit tempore. Et molestiae repellendus adipisci voluptatem amet. Id minima alias et beatae et qui reprehenderit.','books/book-6.jpg','2008-08-08',145,'2025-01-08 14:55:56','2025-01-08 14:55:56'),
(498,'Lind, Stiedemann and Langworth','Quia perferendis error hic optio. Praesentium non distinctio a possimus aut id ut repellat. Nesciunt quis facere cum illum.','books/book-3.jpg','1990-01-20',72,'2025-01-08 14:55:56','2025-01-08 14:55:56'),
(499,'Eichmann, O\'Keefe and Mohr','Ab tenetur corporis consequatur. Possimus illum adipisci iste ea. Optio asperiores sed dolor occaecati.','books/book-6.jpg','2024-01-28',444,'2025-01-08 14:55:56','2025-01-08 14:55:56'),
(500,'Zemlak-Mann','Illum modi et dolore sit. Veniam amet corporis pariatur nulla tenetur. Nihil facilis sunt sint et quo velit non. Aut perspiciatis in vero consequuntur cupiditate tempora. Neque est dicta blanditiis soluta quam.','books/book-3.jpg','2001-03-31',433,'2025-01-08 14:55:56','2025-01-08 14:55:56'),
(501,'Bartell-Heidenreich','Sed soluta necessitatibus enim aliquam corporis expedita consequatur in. Et consequatur perferendis architecto. Explicabo voluptates adipisci et. Sunt unde aut asperiores dolorum quidem quisquam quo qui. Corporis accusantium saepe id harum est.','books/book-3.jpg','1983-10-04',466,'2025-01-08 14:55:56','2025-01-08 14:55:56'),
(502,'Murphy-Hessel','Et vel quaerat vitae assumenda temporibus ipsum a. Reiciendis et distinctio suscipit ut illo ipsam.','books/book-5.jpg','2009-12-25',151,'2025-01-08 14:55:56','2025-01-08 14:55:56'),
(503,'Franecki PLC','Ipsam alias sed minima esse voluptatem est amet. Eum amet sapiente qui ex. Beatae molestiae dolor repellendus explicabo. Dolores accusantium voluptates aut molestias natus.','books/book-7.jpg','1993-01-04',355,'2025-01-08 14:55:56','2025-01-08 14:55:56'),
(504,'Donnelly PLC','Eveniet aliquid voluptas quas eaque quia sapiente exercitationem. Non error alias adipisci optio harum tempora. Ex porro soluta voluptates facere rerum sed. Expedita voluptatem nihil et nisi esse sequi.','books/book-8.jpg','1971-08-08',369,'2025-01-08 14:55:56','2025-01-08 14:55:56'),
(505,'Lesch, Dickinson and Roob','Voluptate consectetur facilis sit totam hic. Odio sapiente labore iure aut. Cumque repudiandae sunt quo voluptatem neque fuga. Sed magnam eaque similique hic animi eum.','books/book-4.jpg','2001-05-24',261,'2025-01-08 14:55:56','2025-01-08 14:55:56'),
(506,'Shields, Ferry and Bahringer','Laboriosam commodi sunt et corporis ab veritatis. Autem illo qui optio et debitis. Nulla modi et in et ut facere. Nihil sint consequatur dolor sint.','books/book-7.jpg','2022-09-23',126,'2025-01-08 14:55:56','2025-01-08 14:55:56'),
(507,'Zboncak-Orn','Est et autem a architecto. Rerum voluptatem voluptatum vel sit architecto omnis laudantium totam.','books/book-4.jpg','1975-07-13',277,'2025-01-08 14:55:56','2025-01-08 14:55:56'),
(508,'Swaniawski Inc','Et animi recusandae quo rerum rerum. Reiciendis qui quia rerum. Expedita voluptatem voluptatibus reprehenderit.','books/book-2.jpg','1982-03-27',124,'2025-01-08 14:55:56','2025-01-08 14:55:56'),
(509,'Keeling-Prohaska','Molestiae sit voluptatem a id et omnis. Aliquid qui modi iure velit aliquam fuga molestiae. Pariatur et accusamus dicta. Voluptatem qui voluptas doloremque ut ab consequatur.','books/book-6.jpg','2022-11-04',358,'2025-01-08 14:55:56','2025-01-08 14:55:56'),
(510,'Runte-Will','Aspernatur illum ut velit impedit animi voluptas. Non ut eius consequatur debitis. Eaque dolorum ut fuga totam harum quisquam. Consequatur et sint error et aut occaecati.','books/book-8.jpg','1978-06-14',222,'2025-01-08 14:55:56','2025-01-08 14:55:56'),
(511,'Sporer-Hahn','Accusamus facilis non rerum enim id esse error esse. Quos ut assumenda molestias voluptas ipsa. Inventore enim id saepe quam libero.','books/book-7.jpg','2010-10-07',184,'2025-01-08 14:55:56','2025-01-08 14:55:56'),
(512,'Stehr Ltd','Minima inventore deleniti eos. Voluptatibus quia blanditiis perspiciatis cumque. Dolor quaerat alias tempora voluptatum dolor ratione.','books/book-4.jpg','2013-02-16',39,'2025-01-08 14:55:56','2025-01-08 14:55:56'),
(513,'Rosenbaum-Thompson','Beatae est dolorem suscipit ipsam quo quod est. Voluptas sit natus quia blanditiis et et. Modi ullam quam corporis odit minima cumque molestias aut.','books/book-7.jpg','2015-07-28',467,'2025-01-08 14:55:56','2025-01-08 14:55:56'),
(514,'Miller Group','Fuga ex neque possimus. Sunt et et hic doloribus provident. Ut ut repellat corporis.','books/book-4.jpg','2015-09-12',65,'2025-01-08 14:55:56','2025-01-08 14:55:56'),
(515,'Lemke Inc','Et ut quia esse mollitia delectus. Iure dicta ratione qui dolores aut officia aut. Voluptas et et omnis et minus aliquid hic. Labore velit nihil mollitia nihil.','books/book-1.jpg','1984-03-20',51,'2025-01-08 14:55:56','2025-01-08 14:55:56'),
(516,'Miller LLC','Ut omnis modi ea eum tenetur et. Unde eaque dignissimos non fugiat. Magnam illo culpa voluptatem.','books/book-8.jpg','1990-03-18',59,'2025-01-08 14:55:56','2025-01-08 14:55:56'),
(517,'Stroman, Morar and Weissnat','Hic officia veniam alias sit quia. Autem iure impedit ut delectus unde. Alias quibusdam odio quod quia enim.','books/book-4.jpg','2014-10-23',168,'2025-01-08 14:55:56','2025-01-08 14:55:56'),
(518,'Nader Inc','Vitae explicabo unde vel rerum molestias cupiditate. Officiis ad eos autem sed. Odio dolore molestias eos quaerat sunt.','books/book-2.jpg','2015-07-23',333,'2025-01-08 14:55:56','2025-01-08 14:55:56'),
(519,'Hills LLC','Veniam sunt totam error a. Consectetur ut et doloremque ut voluptas corrupti officia. Velit et dolor quia labore doloremque. Error necessitatibus aut voluptatem a sit amet eaque sit. Omnis nihil sed reprehenderit molestiae natus.','books/book-6.jpg','1972-07-25',99,'2025-01-08 14:55:56','2025-01-08 14:55:56'),
(520,'Brekke Group','Itaque atque et voluptatem deserunt expedita corporis accusantium odio. Quidem libero cupiditate dolorem aut repudiandae. Impedit qui voluptas amet nobis officia omnis nisi ut. Ipsam voluptatum error soluta molestiae.','books/book-2.jpg','1977-08-23',200,'2025-01-08 14:55:56','2025-01-08 14:55:56'),
(521,'Brown PLC','Sit unde consequatur earum explicabo. Dolorem aut et corporis non omnis quia. Porro natus odit omnis sit consequuntur rerum asperiores asperiores.','books/book-5.jpg','1981-10-22',113,'2025-01-08 14:55:56','2025-01-08 14:55:56'),
(522,'Jerde, Dicki and Kautzer','Nostrum voluptas aut adipisci eos enim quos sed. Et voluptas quibusdam voluptas soluta provident ipsa. Mollitia qui odio necessitatibus autem expedita aut est. Est neque culpa quibusdam ut a labore commodi vel. Quod sunt commodi ut qui quo temporibus repudiandae ipsam.','books/book-3.jpg','2008-10-12',364,'2025-01-08 14:55:56','2025-01-08 14:55:56'),
(523,'Huel-Terry','Quis placeat odit non. Voluptas voluptas molestias ut. Nemo quae non quia adipisci.','books/book-1.jpg','1982-08-07',499,'2025-01-08 14:55:56','2025-01-08 14:55:56'),
(524,'Becker and Sons','Aut cumque nam ducimus earum. Vero voluptas sed velit sequi. Aut ut esse harum repellendus.','books/book-5.jpg','2001-03-26',64,'2025-01-08 14:55:56','2025-01-08 14:55:56'),
(525,'Treutel Inc','Officiis minima qui ullam maiores tempore. Quibusdam similique doloremque maxime nihil. Tenetur nesciunt doloremque magnam ut error. Et et et consectetur dicta.','books/book-5.jpg','1993-05-08',469,'2025-01-08 14:55:56','2025-01-08 14:55:56'),
(526,'Lemke-Schimmel','Quasi odio accusantium voluptatem non consequatur necessitatibus consequatur. Id consequatur et nobis deserunt laudantium dolorum est. Aliquid accusantium quidem aut voluptatibus consequuntur autem aperiam.','books/book-2.jpg','1972-10-08',197,'2025-01-08 14:55:56','2025-01-08 14:55:56'),
(527,'Stamm PLC','Qui occaecati nihil sed recusandae repellendus eos quos. Corporis eius sit quas qui fugiat. Porro harum velit dolores sapiente.','books/book-8.jpg','1984-10-07',413,'2025-01-08 14:55:56','2025-01-08 14:55:56'),
(528,'Wolf Group','Dolores et cupiditate molestias qui sit. Aut libero earum nisi omnis eum perspiciatis. Odio cumque quas ut at ratione ab illo.','books/book-8.jpg','2000-12-07',282,'2025-01-08 14:55:56','2025-01-08 14:55:56'),
(529,'Langworth Inc','Quam provident quasi voluptas eaque cupiditate quis. Repellendus nisi cupiditate possimus. Omnis deleniti et nam veritatis cum.','books/book-4.jpg','1973-01-31',326,'2025-01-08 14:55:56','2025-01-08 14:55:56'),
(530,'Wolf-Tremblay','Et nihil atque et ut dolores nesciunt vel facilis. Autem quo debitis deleniti ab. Autem accusamus nemo et modi consequatur consectetur assumenda fugit. Enim et id corporis maxime corporis.','books/book-6.jpg','1981-05-14',403,'2025-01-08 14:55:56','2025-01-08 14:55:56'),
(531,'Beahan, Howe and McClure','Error adipisci dolor ipsa autem et sapiente aspernatur. Et nemo aspernatur ex et minima aspernatur deleniti. Assumenda quisquam laudantium fugiat enim. Corporis et earum quos molestias beatae quisquam eum.','books/book-3.jpg','1987-07-27',244,'2025-01-08 14:55:56','2025-01-08 14:55:56'),
(532,'Cassin, Fahey and Heaney','Eum maxime ipsum magnam numquam perferendis officia itaque. Esse et maxime omnis deserunt officiis sit enim. Labore omnis id et tenetur qui architecto.','books/book-4.jpg','2022-09-05',470,'2025-01-08 14:55:56','2025-01-08 14:55:56'),
(533,'Lowe-Mraz','Temporibus dolor facere rem quis expedita. Provident eos sed laborum sit. Consequuntur et porro qui officiis fugiat porro. Impedit ipsa iure inventore minus et.','books/book-8.jpg','1970-03-27',180,'2025-01-08 14:55:56','2025-01-08 14:55:56'),
(534,'Greenfelder, Schimmel and Abernathy','Necessitatibus omnis voluptas impedit provident est nobis. Nam sed beatae nisi minus quae. Omnis dolore at corrupti aut totam velit praesentium. Dolores dolorem ut ab rerum. Voluptatem nihil quisquam facere cupiditate voluptas.','books/book-3.jpg','1996-07-04',472,'2025-01-08 14:55:56','2025-01-08 14:55:56'),
(535,'Hane and Sons','Debitis et voluptatem libero. Maiores ab vitae labore officiis repellat. Iusto reprehenderit eum fugit. Necessitatibus dolore repudiandae est tempore ipsa qui.','books/book-3.jpg','2018-12-04',51,'2025-01-08 14:55:56','2025-01-08 14:55:56'),
(536,'Nitzsche-Gulgowski','Reiciendis iure sapiente omnis et quae nulla nemo quia. Eum aperiam est repellendus aut est quo dolor iste. Velit est et et commodi dicta voluptatibus saepe. Quaerat facere non quas ut eos.','books/book-6.jpg','2018-05-07',30,'2025-01-08 14:55:56','2025-01-08 14:55:56'),
(537,'Hirthe-Wunsch','Aut consequatur earum aliquam. Itaque temporibus vel cumque provident sit. Natus consequatur facere aut enim eius deleniti. Pariatur temporibus ab dolores nobis.','books/book-2.jpg','2000-08-02',203,'2025-01-08 14:55:56','2025-01-08 14:55:56'),
(538,'Goodwin Group','Tempore tempora sed est beatae vero est eos vitae. Quis facilis recusandae iste deleniti quae necessitatibus aperiam. Quia vitae distinctio ducimus doloribus quis omnis soluta. In aliquam sunt fuga.','books/book-2.jpg','1989-08-23',131,'2025-01-08 14:55:56','2025-01-08 14:55:56'),
(539,'Kling-Hermiston','Aliquid quo molestiae consequatur. Cum suscipit qui aliquid sit unde. Facere voluptas labore quod autem corporis.','books/book-5.jpg','1979-10-14',45,'2025-01-08 14:55:56','2025-01-08 14:55:56'),
(540,'Bartell, Gleichner and Olson','Est est earum ratione error. Enim delectus repellat reiciendis at voluptas tempore error. Accusamus minima dolore assumenda veritatis consectetur aut. Nisi pariatur dolores cupiditate iusto sit sed numquam.','books/book-2.jpg','2013-07-15',211,'2025-01-08 14:55:56','2025-01-08 14:55:56'),
(541,'Kozey Ltd','Quo ad exercitationem et voluptas et nesciunt. Cupiditate quisquam voluptates maiores.','books/book-2.jpg','2015-01-18',110,'2025-01-08 14:55:56','2025-01-08 14:55:56'),
(542,'Rolfson Group','Quo nesciunt quia est reprehenderit quod. Et fugiat qui distinctio cum. Et rerum et accusamus nesciunt et sapiente itaque quidem. Culpa illo tempore nesciunt non accusantium maiores.','books/book-5.jpg','1983-04-24',156,'2025-01-08 14:55:56','2025-01-08 14:55:56'),
(543,'Hirthe Ltd','Tempore nulla voluptatem dolores repudiandae. Voluptatem dolorum quis et ullam aut. Quis qui quasi tempora ut dolor officiis voluptatum. Quia sapiente vero a est architecto expedita et.','books/book-1.jpg','2002-03-24',43,'2025-01-08 14:55:56','2025-01-08 14:55:56'),
(544,'Stoltenberg PLC','Et dicta sunt rem eum corporis doloribus. Neque nesciunt labore quam assumenda. Enim veniam voluptatem tempore voluptas necessitatibus enim labore laboriosam. Incidunt minima molestiae ut possimus in sint.','books/book-2.jpg','1979-10-28',122,'2025-01-08 14:55:56','2025-01-08 14:55:56'),
(545,'Emmerich, Larkin and Rohan','Nihil doloribus at reprehenderit dolorum soluta vero dolore. Omnis corporis laboriosam maxime.','books/book-1.jpg','1973-04-24',399,'2025-01-08 14:55:56','2025-01-08 14:55:56'),
(546,'Doyle-Schinner','Quasi voluptatum dolorem voluptas corrupti ut. Qui nulla sed non. Corrupti est laboriosam deleniti ut dolorem recusandae.','books/book-3.jpg','2010-08-25',270,'2025-01-08 14:55:56','2025-01-08 14:55:56'),
(547,'Bins Ltd','Amet ut sit voluptatem. Itaque quia ut sunt impedit.','books/book-5.jpg','1971-03-26',65,'2025-01-08 14:55:56','2025-01-08 14:55:56'),
(548,'Jast-Howe','Et consequatur rerum doloribus dolores magnam. Molestiae sit aut eum blanditiis. Sequi quae incidunt quam. Nulla nihil enim laudantium quo quia voluptatem. Odio qui aut voluptas quasi optio.','books/book-2.jpg','1977-08-25',333,'2025-01-08 14:55:56','2025-01-08 14:55:56'),
(549,'Greenholt PLC','Labore velit tenetur est blanditiis placeat qui ipsa. Quis itaque quidem quidem eveniet labore soluta earum. Est distinctio quos sunt distinctio non. Quidem omnis nesciunt ut voluptatum.','books/book-8.jpg','1973-11-18',321,'2025-01-08 14:55:56','2025-01-08 14:55:56'),
(550,'Abernathy-Hills','Sint sed nisi non fuga eum. Voluptas consequatur ea sed eos. Rerum blanditiis iure et et quos perferendis.','books/book-2.jpg','2005-01-13',156,'2025-01-08 14:55:56','2025-01-08 14:55:56'),
(551,'Hoeger-Boyer','Minus voluptatem et qui aut aut. Ut autem est doloribus nulla aut qui eligendi. Earum sed occaecati omnis pariatur.','books/book-2.jpg','1977-04-04',459,'2025-01-08 14:55:56','2025-01-08 14:55:56'),
(552,'Lakin-McLaughlin','Nam minima quod ab. Laboriosam magnam neque nostrum voluptatem et. Rem sit voluptatem velit odio maiores officia et et. Eos atque adipisci commodi ut.','books/book-3.jpg','1978-07-22',485,'2025-01-08 14:55:56','2025-01-08 14:55:56'),
(553,'Carter, Swaniawski and Orn','Saepe corrupti nisi ut perferendis voluptatum et. Dolor quasi a porro. Dolorum consequuntur id accusamus non in.','books/book-5.jpg','2012-06-29',10,'2025-01-08 14:55:56','2025-01-08 14:55:56'),
(554,'Crona, Nicolas and O\'Kon','Consequatur accusamus error facere magnam deserunt. Consequatur ut dolorem aliquam quasi. Qui vitae aliquid illum unde. Exercitationem alias ipsam quo. Modi libero non at quod facilis omnis.','books/book-5.jpg','2024-12-15',56,'2025-01-08 14:55:56','2025-01-08 14:55:56'),
(555,'Sipes, Kozey and Volkman','Reiciendis dolorem architecto enim dolor facere corporis aut. Similique et quia maxime exercitationem praesentium vel.','books/book-1.jpg','2022-09-06',160,'2025-01-08 14:55:56','2025-01-08 14:55:56'),
(556,'Kihn, O\'Connell and Gaylord','Voluptate beatae deleniti rerum. Aperiam temporibus quia nihil harum et.','books/book-8.jpg','1987-09-10',429,'2025-01-08 14:55:56','2025-01-08 14:55:56'),
(557,'Walker, Kuphal and Dietrich','Est qui id possimus quos. Architecto asperiores adipisci laudantium voluptatum debitis illum. Aliquam aperiam quo iure qui. Qui fuga aliquid nihil nemo.','books/book-5.jpg','1975-07-26',62,'2025-01-08 14:55:56','2025-01-08 14:55:56'),
(558,'Mills, Spencer and Kirlin','Enim id rerum inventore similique eos. Voluptatem ea est beatae autem dolor. Quidem modi minima at eos aut unde cum. Quibusdam aut illo ut dolores aut explicabo sit.','books/book-4.jpg','2003-05-15',187,'2025-01-08 14:55:56','2025-01-08 14:55:56'),
(559,'Ziemann-Metz','Et id tempore doloremque ratione nam. Qui perferendis ut quibusdam dolorem quos hic. Dolorem similique placeat recusandae cumque possimus sed. Repellat ut laborum ut.','books/book-2.jpg','1972-09-13',261,'2025-01-08 14:55:56','2025-01-08 14:55:56'),
(560,'Collier Ltd','Delectus dolorem qui aliquid amet ad pariatur autem. Et aspernatur deleniti ut eveniet et blanditiis necessitatibus veritatis. Accusamus voluptas enim similique corrupti est.','books/book-4.jpg','1990-10-13',51,'2025-01-08 14:55:56','2025-01-08 14:55:56'),
(561,'Witting-Brakus','Natus sit rem facere inventore culpa. Illum sint in dignissimos dolorem et optio. Qui dolor veritatis deleniti deleniti nemo deleniti fugiat deserunt. Omnis earum enim aut suscipit est odio facilis. Asperiores sequi autem eum ratione assumenda.','books/book-1.jpg','1974-08-01',136,'2025-01-08 14:55:56','2025-01-08 14:55:56'),
(562,'Kling-Mayer','Nihil rem et ab. Et similique debitis rerum adipisci id facilis. Iste libero rerum vel aut quis sit blanditiis.','books/book-6.jpg','1996-04-08',430,'2025-01-08 14:55:56','2025-01-08 14:55:56'),
(563,'Ankunding Ltd','Omnis reiciendis nostrum nisi expedita. Et aut voluptatem quasi non ipsam. Fugit vero inventore voluptatem a qui. Dolore omnis fugit corrupti velit. Tempore sit soluta omnis eum.','books/book-3.jpg','2003-11-04',174,'2025-01-08 14:55:56','2025-01-08 14:55:56'),
(564,'Daniel-Mante','Et non non velit non sit et necessitatibus. Quisquam ratione voluptas adipisci doloremque. Debitis placeat ut amet aliquam dolores. Quas quidem sint sint temporibus.','books/book-6.jpg','2021-02-14',189,'2025-01-08 14:55:56','2025-01-08 14:55:56'),
(565,'Schmidt-Lang','Ducimus ex odit iure nemo eum et. Voluptates corrupti nulla est labore totam. Amet ullam rerum maxime vitae at.','books/book-4.jpg','2017-11-13',80,'2025-01-08 14:55:56','2025-01-08 14:55:56'),
(566,'Goodwin-Douglas','Placeat sed nam unde veniam. Voluptas corrupti totam debitis. Dolores optio veritatis dolorum in distinctio.','books/book-1.jpg','1984-05-08',168,'2025-01-08 14:55:56','2025-01-08 14:55:56'),
(567,'Bradtke-Volkman','Temporibus voluptatem exercitationem molestias fugiat qui. Cumque dolorem et repudiandae. Est vitae et animi autem aut quibusdam enim illum.','books/book-4.jpg','1974-07-23',120,'2025-01-08 14:55:56','2025-01-08 14:55:56'),
(568,'Auer and Sons','Et qui velit vitae mollitia sit. Repellendus minima eligendi quidem. Libero optio molestiae sequi fugiat quam ut.','books/book-8.jpg','1982-12-18',189,'2025-01-08 14:55:56','2025-01-08 14:55:56'),
(569,'Thiel, Beer and Weber','Ex facere debitis molestiae nihil et. Beatae ratione ut quia vero nihil quidem possimus. Aut nemo molestias placeat earum.','books/book-3.jpg','1984-06-18',11,'2025-01-08 14:55:56','2025-01-08 14:55:56'),
(570,'Lynch-Runolfsson','Necessitatibus animi hic consequuntur veniam. Vitae dolore qui laudantium perspiciatis repellendus quia dicta natus. Nihil architecto soluta odit quia minima.','books/book-1.jpg','1989-01-11',496,'2025-01-08 14:55:56','2025-01-08 14:55:56'),
(571,'West-Ullrich','Sunt accusantium sit voluptates vel quod. Facere repellendus cupiditate accusamus nihil odio. Beatae ipsa porro officiis.','books/book-1.jpg','2003-10-12',56,'2025-01-08 14:55:56','2025-01-08 14:55:56'),
(572,'Schneider-Fay','Sunt magnam excepturi facilis. Officiis aliquid reiciendis ipsum. Molestias excepturi hic nobis aut ipsum perspiciatis repellendus.','books/book-6.jpg','2006-06-28',439,'2025-01-08 14:55:56','2025-01-08 14:55:56'),
(573,'Hammes and Sons','Est id placeat molestiae et. Consequatur ipsam labore dolorum. Minus consequatur est nihil pariatur ipsam id architecto. Enim totam tenetur blanditiis quo est.','books/book-6.jpg','2001-03-18',25,'2025-01-08 14:55:56','2025-01-08 14:55:56'),
(574,'Walker, Macejkovic and Ryan','Est et hic ullam nulla eos ad praesentium. Optio sed fugit velit reiciendis cumque. Sunt et at iste.','books/book-1.jpg','2002-08-01',397,'2025-01-08 14:55:56','2025-01-08 14:55:56'),
(575,'Kulas Group','Aliquam excepturi consequatur alias quia itaque. Omnis impedit quia enim nostrum. Cupiditate quaerat et eligendi error veritatis.','books/book-4.jpg','2012-10-28',415,'2025-01-08 14:55:56','2025-01-08 14:55:56'),
(576,'Bins, Barrows and Bayer','Et similique aperiam non assumenda non quidem. Officia dolorem aut nesciunt. Repudiandae nobis quasi modi et aut asperiores.','books/book-3.jpg','1977-06-20',31,'2025-01-08 14:55:56','2025-01-08 14:55:56'),
(577,'Torphy, Howell and Schimmel','Officiis totam minus ut et quisquam eos beatae. Magnam eveniet harum tempore tenetur nesciunt repellat ipsam. Eum voluptas qui dolore. Quis accusantium veritatis doloremque deleniti.','books/book-4.jpg','1975-07-28',123,'2025-01-08 14:55:56','2025-01-08 14:55:56'),
(578,'Oberbrunner, Heaney and Aufderhar','Eaque reprehenderit eaque occaecati. Dolor suscipit mollitia aut eaque quaerat architecto molestiae. Est odit asperiores perspiciatis ipsam qui sunt unde.','books/book-2.jpg','1971-08-28',155,'2025-01-08 14:55:56','2025-01-08 14:55:56'),
(579,'Thompson, Rau and Koss','Et non alias possimus illum at. Ipsum maiores et eos soluta.','books/book-7.jpg','1998-09-07',80,'2025-01-08 14:55:56','2025-01-08 14:55:56'),
(580,'Wolf Inc','Earum itaque cum quisquam aliquam dignissimos cumque. Est doloribus et nihil. Excepturi eligendi repudiandae omnis natus.','books/book-6.jpg','2018-11-21',405,'2025-01-08 14:55:56','2025-01-08 14:55:56'),
(581,'Harber, Herzog and Hamill','Porro est recusandae iusto ut. Occaecati quia incidunt eligendi optio. Reiciendis aut voluptatum sunt qui saepe culpa tempora. Omnis quia reprehenderit voluptas soluta beatae.','books/book-2.jpg','2001-07-17',363,'2025-01-08 14:55:56','2025-01-08 14:55:56'),
(582,'Schneider Group','Sit ut consequatur necessitatibus accusantium quos non. Reiciendis explicabo molestiae ea laborum non molestiae ratione. Laboriosam quis quasi cupiditate accusamus itaque beatae voluptate.','books/book-7.jpg','1982-02-21',285,'2025-01-08 14:55:56','2025-01-08 14:55:56'),
(583,'Robel PLC','Possimus est dolores sint fugiat reiciendis corporis eaque incidunt. Ducimus sed assumenda qui. Accusamus aut qui nulla aut voluptate est velit. Consequatur distinctio architecto quos cupiditate incidunt rerum fugiat. Odio inventore et magnam quia delectus quidem nesciunt eum.','books/book-8.jpg','1974-03-26',391,'2025-01-08 14:55:56','2025-01-08 14:55:56'),
(584,'Crist and Sons','Eos consequatur sit sint. Nam nobis maiores sequi rerum sed impedit.','books/book-3.jpg','1986-08-19',404,'2025-01-08 14:55:56','2025-01-08 14:55:56'),
(585,'Wiza, Roberts and Stamm','Non voluptas accusantium consequatur natus eum eum sit inventore. Adipisci nihil autem explicabo expedita. Sint est ut omnis aspernatur culpa esse.','books/book-7.jpg','2011-03-29',349,'2025-01-08 14:55:56','2025-01-08 14:55:56'),
(586,'Toy and Sons','Ullam et adipisci nihil voluptate. Soluta fuga officia quo non magnam. Cum nobis aperiam quis accusamus.','books/book-2.jpg','2020-08-23',250,'2025-01-08 14:55:56','2025-01-08 14:55:56'),
(587,'Welch, Orn and Conn','Sed vitae labore harum aut. Maiores doloribus magnam dolor ex. Necessitatibus aspernatur quae vel.','books/book-7.jpg','2023-07-05',305,'2025-01-08 14:55:56','2025-01-08 14:55:56'),
(588,'Walsh Group','Id dolores natus totam quod voluptatem facilis. Ut natus sed eos illo et. Saepe eveniet qui exercitationem voluptas deserunt nobis odit. Sit voluptatem dolorem ut ea quis.','books/book-5.jpg','1992-12-07',174,'2025-01-08 14:55:56','2025-01-08 14:55:56'),
(589,'Lind PLC','Sunt dolores voluptas quas aspernatur. Molestiae et nostrum ullam vitae natus velit eum. Est ut qui repellat voluptas veritatis voluptatem deserunt molestiae. Tempora voluptate aut aut laborum.','books/book-6.jpg','2007-05-28',485,'2025-01-08 14:55:56','2025-01-08 14:55:56'),
(590,'McGlynn, Hane and Pollich','Dolor sed voluptate ad consectetur libero saepe. Cumque sit officiis veniam nesciunt eum doloribus. Sit dolor dolores minus quia. Totam doloribus in aut at tenetur quaerat ipsa. Id autem quas temporibus qui.','books/book-7.jpg','1972-08-30',360,'2025-01-08 14:55:56','2025-01-08 14:55:56'),
(591,'Gaylord, Feeney and Becker','Cum facere natus possimus aperiam. Iure magni officiis ipsum consequuntur. Iure et et qui voluptates qui. Nobis est et voluptas a laboriosam provident.','books/book-3.jpg','2013-01-12',96,'2025-01-08 14:55:56','2025-01-08 14:55:56'),
(592,'Kessler-Herman','Velit dolore accusamus odio laboriosam omnis id. Dignissimos eveniet eligendi voluptatem repudiandae. Maiores saepe nobis at et.','books/book-6.jpg','1992-08-30',136,'2025-01-08 14:55:56','2025-01-08 14:55:56'),
(593,'Armstrong, Macejkovic and Berge','Quia assumenda a sit aut qui. Ullam consequatur iusto dolorum voluptatem quibusdam doloribus. Placeat et possimus aut vitae qui similique.','books/book-7.jpg','1985-04-28',220,'2025-01-08 14:55:56','2025-01-08 14:55:56'),
(594,'Hegmann PLC','Corporis quia nemo asperiores voluptatem. Adipisci explicabo rem veniam cum dolor culpa odio. Eaque quo et nulla velit. Quis doloribus eligendi at consequatur commodi delectus aut. Praesentium libero dignissimos non optio dolore facere repellat.','books/book-1.jpg','1975-06-21',127,'2025-01-08 14:55:56','2025-01-08 14:55:56'),
(595,'Hoeger-Rodriguez','Nulla voluptates rerum placeat. Aut nihil voluptatem nemo culpa magni reiciendis. Deserunt facilis qui itaque suscipit ut.','books/book-8.jpg','1986-06-27',184,'2025-01-08 14:55:56','2025-01-08 14:55:56'),
(596,'Leannon-Willms','Quae sit sed voluptate nihil facilis. Quo eius enim fugiat occaecati voluptates temporibus voluptates. Quibusdam voluptatum voluptatem sunt et. Deleniti odit magni et reiciendis.','books/book-2.jpg','1971-07-22',202,'2025-01-08 14:55:56','2025-01-08 14:55:56'),
(597,'Carter, Hill and Kemmer','Facere ut sed non amet aut. Est ea dolores neque ex commodi. Qui aut rerum perferendis eum quidem exercitationem iste.','books/book-8.jpg','1997-12-20',379,'2025-01-08 14:55:56','2025-01-08 14:55:56'),
(598,'Dickinson-Franecki','Id consequatur corrupti perferendis sequi. Natus alias non minus voluptatem. Blanditiis voluptatibus provident fugiat cum modi ullam. Repellat rem totam quo libero deleniti architecto.','books/book-3.jpg','1996-06-03',463,'2025-01-08 14:55:56','2025-01-08 14:55:56'),
(599,'Balistreri-Kub','Et rerum voluptas dolor mollitia voluptatum eaque. Et dicta consequatur id consectetur enim alias. Quaerat sequi autem sint occaecati similique. Voluptatem voluptates est perspiciatis corrupti qui.','books/book-6.jpg','1981-04-20',496,'2025-01-08 14:55:56','2025-01-08 14:55:56'),
(600,'O\'Hara-Weber','Quia voluptatem voluptatem aperiam nemo quisquam cumque. Harum voluptatem voluptatibus est ut. Sed sed nostrum adipisci cum labore qui sed. Atque libero deserunt minus veniam minus suscipit.','books/book-1.jpg','2012-02-16',292,'2025-01-08 14:55:56','2025-01-08 14:55:56');
/*!40000 ALTER TABLE `books` ENABLE KEYS */;
UNLOCK TABLES;

--
-- Table structure for table `cache`
--

DROP TABLE IF EXISTS `cache`;
/*!40101 SET @saved_cs_client     = @@character_set_client */;
/*!40101 SET character_set_client = utf8 */;
CREATE TABLE `cache` (
  `key` varchar(255) NOT NULL,
  `value` mediumtext NOT NULL,
  `expiration` int(11) NOT NULL,
  PRIMARY KEY (`key`)
) ENGINE=InnoDB DEFAULT CHARSET=utf8mb4 COLLATE=utf8mb4_unicode_ci;
/*!40101 SET character_set_client = @saved_cs_client */;

--
-- Dumping data for table `cache`
--

LOCK TABLES `cache` WRITE;
/*!40000 ALTER TABLE `cache` DISABLE KEYS */;
INSERT INTO `cache` VALUES
('356a192b7913b04c54574d18c28d46e6395428ab','i:1;',1735397933),
('356a192b7913b04c54574d18c28d46e6395428ab:timer','i:1735397933;',1735397933),
('5b5e86c7b451e5528739380cdc97d0344b1eb460','i:1;',1734099958),
('5b5e86c7b451e5528739380cdc97d0344b1eb460:timer','i:1734099958;',1734099958),
('meesakveld@gmail.com|172.19.0.1','i:1;',1736358286),
('meesakveld@gmail.com|172.19.0.1:timer','i:1736358286;',1736358286),
('tristan.deridder@gmail.com|172.19.0.1','i:1;',1736372265),
('tristan.deridder@gmail.com|172.19.0.1:timer','i:1736372265;',1736372265),
('tristan.deridder@student.arteveldehs.be|172.19.0.1','i:2;',1736372255),
('tristan.deridder@student.arteveldehs.be|172.19.0.1:timer','i:1736372255;',1736372255);
/*!40000 ALTER TABLE `cache` ENABLE KEYS */;
UNLOCK TABLES;

--
-- Table structure for table `cache_locks`
--

DROP TABLE IF EXISTS `cache_locks`;
/*!40101 SET @saved_cs_client     = @@character_set_client */;
/*!40101 SET character_set_client = utf8 */;
CREATE TABLE `cache_locks` (
  `key` varchar(255) NOT NULL,
  `owner` varchar(255) NOT NULL,
  `expiration` int(11) NOT NULL,
  PRIMARY KEY (`key`)
) ENGINE=InnoDB DEFAULT CHARSET=utf8mb4 COLLATE=utf8mb4_unicode_ci;
/*!40101 SET character_set_client = @saved_cs_client */;

--
-- Dumping data for table `cache_locks`
--

LOCK TABLES `cache_locks` WRITE;
/*!40000 ALTER TABLE `cache_locks` DISABLE KEYS */;
/*!40000 ALTER TABLE `cache_locks` ENABLE KEYS */;
UNLOCK TABLES;

--
-- Table structure for table `comments`
--

DROP TABLE IF EXISTS `comments`;
/*!40101 SET @saved_cs_client     = @@character_set_client */;
/*!40101 SET character_set_client = utf8 */;
CREATE TABLE `comments` (
  `id` bigint(20) unsigned NOT NULL AUTO_INCREMENT,
  `content` text NOT NULL,
  `user_id` bigint(20) unsigned NOT NULL,
  `bookclub_posts_id` bigint(20) unsigned NOT NULL,
  `created_at` timestamp NULL DEFAULT NULL,
  `updated_at` timestamp NULL DEFAULT NULL,
  PRIMARY KEY (`id`)
) ENGINE=InnoDB AUTO_INCREMENT=113 DEFAULT CHARSET=utf8mb4 COLLATE=utf8mb4_unicode_ci;
/*!40101 SET character_set_client = @saved_cs_client */;

--
-- Dumping data for table `comments`
--

LOCK TABLES `comments` WRITE;
/*!40000 ALTER TABLE `comments` DISABLE KEYS */;
INSERT INTO `comments` VALUES
(1,'Leuke post!',1,2,'2024-12-06 15:31:07','2024-12-06 15:31:07'),
(2,'Ipsam et corporis minima nulla. Eum aut sunt quia omnis rerum modi.',1,2,'2025-01-08 19:27:25','2025-01-08 19:27:25'),
(3,'Sint voluptas consequatur minima et libero occaecati doloremque. Et voluptatem accusamus enim. Labore rem quos tenetur voluptas id magnam labore culpa. Quibusdam aliquid sunt soluta.',2,29,'2025-01-08 19:27:25','2025-01-08 19:27:25'),
(5,'Deleniti itaque porro adipisci aut sunt magnam aut. Quia eveniet provident beatae assumenda fugiat dicta quos. Sunt dolores consequuntur magnam cumque dicta eum.',2,5,'2025-01-08 19:27:25','2025-01-08 19:27:25'),
(6,'Quaerat placeat velit natus velit sit iusto. Quo quibusdam enim consectetur repellat unde vitae iure. Atque vel nulla error et excepturi consequatur. Asperiores labore veniam aut sequi eos soluta. Sit ut sed quisquam iste architecto.',2,14,'2025-01-08 19:27:25','2025-01-08 19:27:25'),
(7,'Est consectetur eos laborum hic unde ea. Vero corporis ut quia sapiente qui delectus. Quasi ut dolore unde beatae magni aut animi blanditiis. Cum qui aliquam qui molestiae velit id.',2,74,'2025-01-08 19:27:25','2025-01-08 19:27:25'),
(8,'Consequatur omnis aut sequi aut. Sit quia magnam debitis illum placeat dolorem.',2,12,'2025-01-08 19:27:25','2025-01-08 19:27:25'),
(9,'Eius deleniti sit nisi nesciunt officia sequi omnis. Libero sunt vero accusantium officiis architecto nostrum. Cupiditate error id et eligendi.',2,36,'2025-01-08 19:27:25','2025-01-08 19:27:25'),
(10,'Praesentium ut quisquam qui molestiae voluptates et commodi. Architecto laudantium quisquam magni. Animi neque ut autem fuga. Ratione odio delectus suscipit dolore tenetur qui architecto. Accusantium eum nemo nulla dignissimos.',1,68,'2025-01-08 19:27:25','2025-01-08 19:27:25'),
(11,'Quo dolorum et laboriosam deserunt. Molestiae eveniet id numquam est quis et ut. Molestiae labore enim sequi et harum voluptatum animi blanditiis. Dolore magni officia aut repudiandae corrupti.',1,31,'2025-01-08 19:27:25','2025-01-08 19:27:25'),
(12,'Dolorem sit culpa et nisi est reprehenderit sint. Ipsa sint aut suscipit quibusdam blanditiis veritatis iure debitis. Rerum impedit harum ex sed. Aliquam numquam ut et praesentium qui voluptas illum. Laborum deserunt sed mollitia qui.',2,66,'2025-01-08 19:27:25','2025-01-08 19:27:25'),
(13,'Neque nihil sequi facilis consequatur minima ab et quis. Laudantium deleniti quibusdam rem et. Corporis voluptates similique iusto quod sapiente qui optio provident. Nisi qui sit perferendis.',1,64,'2025-01-08 19:27:25','2025-01-08 19:27:25'),
(14,'Nesciunt error autem ad numquam aut omnis. Praesentium doloremque illum accusantium laboriosam laboriosam iusto. Tempore molestiae magni nulla totam culpa. At repellat quasi dolorum non fugiat.',1,3,'2025-01-08 19:27:25','2025-01-08 19:27:25'),
(15,'Id error iste aut et nobis repudiandae. Et eos perferendis dolorem enim officia dolore sapiente. Veritatis alias id et hic amet. Temporibus vel dolorum illo est non quidem a quo.',1,34,'2025-01-08 19:27:25','2025-01-08 19:27:25'),
(16,'Iste rem nostrum illo et quam aperiam. Facere molestias officiis et voluptatum. Sed accusantium aut excepturi quaerat sed minima tenetur occaecati. Quae doloribus aperiam labore nulla accusamus ut. Id vel unde quasi enim sunt blanditiis animi.',2,14,'2025-01-08 19:27:25','2025-01-08 19:27:25'),
(17,'Vero omnis modi porro magni sit vel. Fugit in voluptates quam quo molestiae consequatur. Sequi fugit sapiente adipisci cupiditate.',1,12,'2025-01-08 19:27:25','2025-01-08 19:27:25'),
(18,'Qui et voluptatem labore dicta tenetur aut quo. Quo iure in commodi praesentium voluptates. Fugiat consequatur cum illo amet quibusdam. Quia ipsam velit est qui magnam magnam accusamus quos. Asperiores a quidem eum velit et tenetur quos.',1,56,'2025-01-08 19:27:25','2025-01-08 19:27:25'),
(19,'Assumenda est reprehenderit et non cumque quaerat laborum deleniti. Deleniti fugit ducimus optio optio consequatur veritatis. Similique itaque dicta sit fuga dolor laudantium. Ex cum hic id rem ut voluptatibus repellat nobis.',1,56,'2025-01-08 19:27:25','2025-01-08 19:27:25'),
(20,'Aliquam tenetur at velit laboriosam. Deleniti perferendis saepe voluptas occaecati officia non. Aspernatur maxime molestiae in aut quae. Autem occaecati sequi aut rem. Voluptatem sunt sunt enim et voluptatem.',1,34,'2025-01-08 19:27:25','2025-01-08 19:27:25'),
(21,'Quia id pariatur possimus dolor dolores veritatis recusandae. Quia aliquam a molestiae mollitia. Voluptatem quos omnis sint et. Nulla sunt voluptate et.',2,60,'2025-01-08 19:27:25','2025-01-08 19:27:25'),
(22,'Aut aut minima non repellat. Voluptate voluptas aut quaerat illo quia possimus quis nesciunt. Adipisci omnis omnis nulla aliquid necessitatibus vel asperiores. Optio id earum adipisci blanditiis maxime et. Enim voluptatibus optio qui et.',1,43,'2025-01-08 19:27:25','2025-01-08 19:27:25'),
(23,'Et rem dolorem iusto voluptas ea mollitia. Est aperiam in et consequatur molestias beatae doloremque. Qui nemo pariatur quis enim excepturi adipisci. Qui enim sed eveniet quo.',1,53,'2025-01-08 19:27:25','2025-01-08 19:27:25'),
(24,'Et facilis incidunt voluptas consequatur neque optio reiciendis. Minus dicta numquam rem alias. Ratione quisquam praesentium tempora dolore corrupti itaque aut ut. Non non sunt aut quam vitae blanditiis quasi.',2,12,'2025-01-08 19:27:25','2025-01-08 19:27:25'),
(25,'Est iure provident id cupiditate quia placeat. Et praesentium sed rerum porro aspernatur aut. Ratione et qui ad. Accusamus est animi ea quibusdam odit et suscipit dolores.',2,11,'2025-01-08 19:27:25','2025-01-08 19:27:25'),
(26,'Vel et dicta tempore sit distinctio. Natus blanditiis qui dolorum commodi quibusdam. Dolorem et ipsa cumque.',2,54,'2025-01-08 19:27:25','2025-01-08 19:27:25'),
(27,'Sed illum incidunt ad quo quam vel sint in. Soluta sit illo autem officiis id. Rerum iure quas nisi.',2,13,'2025-01-08 19:27:25','2025-01-08 19:27:25'),
(28,'Dignissimos et alias distinctio qui. Id at autem cupiditate praesentium neque. Itaque distinctio dignissimos sunt expedita a.',2,49,'2025-01-08 19:27:25','2025-01-08 19:27:25'),
(29,'Voluptates sapiente blanditiis et laboriosam ipsum consequuntur. Placeat nostrum eos blanditiis id. Eligendi consectetur autem non qui sed. Minima eos omnis voluptatem magnam suscipit repudiandae.',1,61,'2025-01-08 19:27:25','2025-01-08 19:27:25'),
(30,'Accusamus amet quidem quam sit molestias et iusto necessitatibus. Et odit qui mollitia itaque reprehenderit mollitia. Aliquam quia voluptatum error. Voluptatum neque sapiente id quae qui repellendus.',2,74,'2025-01-08 19:27:25','2025-01-08 19:27:25'),
(31,'Minima ut sint quis porro occaecati voluptates non. Quia vitae iste culpa.',2,52,'2025-01-08 19:27:25','2025-01-08 19:27:25'),
(32,'Laboriosam dignissimos et alias enim temporibus aperiam. Laudantium autem ipsum sit. Quia odit nostrum porro voluptate. Reiciendis quis quasi quisquam et culpa. Voluptates et quas excepturi necessitatibus.',1,26,'2025-01-08 19:27:25','2025-01-08 19:27:25'),
(33,'Quis alias magnam doloremque culpa nobis sint. In est aut atque amet dolorum aut. Voluptatem aut quo occaecati amet aliquam quibusdam delectus. Et iusto earum voluptatibus similique neque.',1,75,'2025-01-08 19:27:25','2025-01-08 19:27:25'),
(34,'Consequuntur nesciunt quisquam quia voluptas. Enim hic dolorem praesentium ipsa. Ea perspiciatis rerum tenetur officia reiciendis.',2,26,'2025-01-08 19:27:25','2025-01-08 19:27:25'),
(35,'Quae amet maiores alias dolorum est. Dicta suscipit qui optio voluptas ut.',2,75,'2025-01-08 19:27:25','2025-01-08 19:27:25'),
(36,'Accusamus veniam repellendus incidunt iste deleniti dolorum. Ut dolorem atque non consequatur sit quae. Ullam laborum voluptas rerum sed praesentium ut enim. Pariatur ut animi ducimus laborum asperiores tempora commodi.',1,55,'2025-01-08 19:27:25','2025-01-08 19:27:25'),
(37,'Vero aliquid beatae aut ad commodi nihil. Numquam ut alias nostrum a magnam. Praesentium aut ab est sit labore aspernatur. Adipisci omnis molestiae quis.',2,27,'2025-01-08 19:27:25','2025-01-08 19:27:25'),
(38,'Ex explicabo aspernatur error totam ut. Culpa rerum incidunt ratione. Illo sit sequi est aliquid.',2,64,'2025-01-08 19:27:25','2025-01-08 19:27:25'),
(39,'Numquam quos exercitationem in quisquam rem sed. Inventore eligendi nemo inventore dolorem laudantium quam sed. Aliquam libero necessitatibus rerum dicta quas. Enim consequatur quia quod.',1,69,'2025-01-08 19:27:25','2025-01-08 19:27:25'),
(40,'Sed eum voluptas unde dolores ut sapiente ullam ratione. A dolorem et temporibus quaerat fugiat eum. Et sint et sed eius.',1,63,'2025-01-08 19:27:25','2025-01-08 19:27:25'),
(41,'Architecto tenetur laboriosam nisi rerum mollitia qui illo. Minima ipsum voluptas et qui quia consequatur. Eaque alias qui sit quibusdam ut dolorem. Ea totam suscipit harum iste.',2,27,'2025-01-08 19:27:25','2025-01-08 19:27:25'),
(42,'Repellendus facere eius non cupiditate. Delectus veritatis expedita enim fugit sed id. Ratione in quibusdam culpa quisquam saepe deserunt. Quia iusto numquam quo sint deserunt nihil. Enim molestiae velit excepturi a et.',2,53,'2025-01-08 19:27:25','2025-01-08 19:27:25'),
(43,'Dolorum doloremque sapiente saepe laboriosam. Perferendis vel tempore est quidem. Omnis culpa sequi voluptas qui autem.',1,71,'2025-01-08 19:27:25','2025-01-08 19:27:25'),
(44,'Tempora modi repellat qui pariatur est dolore nihil. Quibusdam quam et molestiae nisi est officiis. Est eos sit molestiae deserunt magnam omnis officiis. Dolor qui et aliquid molestiae laudantium occaecati ex.',2,14,'2025-01-08 19:27:25','2025-01-08 19:27:25'),
(45,'Placeat voluptate sit eum quidem. Qui et dolorem rem quo ducimus. Ut cum non nemo.',2,69,'2025-01-08 19:27:25','2025-01-08 19:27:25'),
(46,'Totam autem reiciendis nisi aut aut molestiae. Dolorum repellendus sed et ex.',2,76,'2025-01-08 19:27:25','2025-01-08 19:27:25'),
(47,'Autem odit commodi quaerat rerum fuga et magnam. Non enim tenetur ut illum itaque.',2,75,'2025-01-08 19:27:25','2025-01-08 19:27:25'),
(48,'Asperiores quos sunt totam doloremque consectetur. Aut recusandae vero eveniet eum molestiae et et possimus. Facere nesciunt omnis magnam vitae consequatur nihil dolorem.',1,73,'2025-01-08 19:27:25','2025-01-08 19:27:25'),
(49,'Sint expedita non adipisci sed ipsum molestiae sed voluptatum. Rerum error tempora est.',2,14,'2025-01-08 19:27:25','2025-01-08 19:27:25'),
(50,'Soluta iure et ut consequatur at. Ab ad voluptas labore reprehenderit nam molestias. Quibusdam blanditiis praesentium quos natus eius. Hic et minima tempora voluptatibus quos dolor.',2,55,'2025-01-08 19:27:25','2025-01-08 19:27:25'),
(51,'Qui placeat enim assumenda est nobis molestiae tempora. Totam est vitae aut quisquam autem voluptas similique. Occaecati asperiores omnis reiciendis dignissimos ipsam. Impedit iusto a reprehenderit ut. Voluptas quos delectus nulla consectetur voluptate tempora.',2,70,'2025-01-08 19:27:25','2025-01-08 19:27:25'),
(52,'Consequatur quidem dolore illo asperiores fugit est. Minus tenetur sit aut reiciendis architecto asperiores. Explicabo aut dicta ratione commodi velit eum. Reiciendis natus rerum quisquam ipsa nam esse totam aspernatur. Animi tempore totam consequatur doloribus distinctio dolores.',1,76,'2025-01-08 19:27:25','2025-01-08 19:27:25'),
(53,'A corrupti et rerum deleniti. Perspiciatis harum non quibusdam occaecati minima asperiores excepturi. Illo adipisci dolor dolores. Ea ea rerum deleniti enim.',1,69,'2025-01-08 19:27:25','2025-01-08 19:27:25'),
(54,'Fugiat ut suscipit culpa cumque adipisci vel molestiae. Voluptatibus dolor ex natus esse amet deleniti. Maxime cumque omnis voluptate eius mollitia porro sed quis.',2,69,'2025-01-08 19:27:25','2025-01-08 19:27:25'),
(55,'Reiciendis sapiente aut quasi autem cumque praesentium. Omnis laborum repellat laborum minima quia at est eaque. Nobis voluptatem earum maiores voluptas quas sed nisi. Ut eum nemo et et corrupti beatae voluptatem.',2,7,'2025-01-08 19:27:25','2025-01-08 19:27:25'),
(56,'Perspiciatis exercitationem earum est recusandae dolor suscipit dolore voluptas. Repellat culpa sunt debitis cum aspernatur optio vero. Et vel qui repellat tempore voluptas et et.',1,58,'2025-01-08 19:27:25','2025-01-08 19:27:25'),
(57,'Asperiores ut cum in rerum eius autem. Nostrum incidunt possimus deserunt blanditiis autem. Perferendis nisi optio aut sunt tempora. Eos eos excepturi voluptas sint omnis dolorum nobis eaque.',1,51,'2025-01-08 19:27:25','2025-01-08 19:27:25'),
(58,'Tenetur quidem quos beatae voluptas tenetur. Voluptatem vel molestiae veritatis iure. Aliquid fugiat sit necessitatibus molestiae. Repudiandae voluptatem et praesentium consequatur doloremque est hic.',2,39,'2025-01-08 19:27:25','2025-01-08 19:27:25'),
(59,'Perspiciatis consequatur quo voluptatem sapiente debitis qui sunt. Labore voluptatum nihil repellendus corporis qui illo ratione. Tenetur deleniti quos voluptas nemo praesentium omnis necessitatibus.',1,60,'2025-01-08 19:27:25','2025-01-08 19:27:25'),
(60,'Aspernatur maiores nihil doloribus soluta expedita doloremque. Vel quo reiciendis ut ipsum. Maiores autem nam odit consequuntur aut. Molestiae reiciendis dicta qui nihil tempora.',1,10,'2025-01-08 19:27:25','2025-01-08 19:27:25'),
(61,'Aut voluptatem aut necessitatibus veritatis est consequuntur sed. Occaecati non voluptatem voluptatem eum praesentium. Corrupti quo rerum officia voluptatem deleniti et quo. Id eligendi delectus voluptates soluta sit molestias recusandae. Laboriosam nesciunt expedita voluptates commodi ut ipsa.',1,39,'2025-01-08 19:27:25','2025-01-08 19:27:25'),
(62,'Qui nemo at quia. Odit reiciendis atque eum vitae eius. Voluptates et sapiente consequatur consequuntur.',2,55,'2025-01-08 19:27:25','2025-01-08 19:27:25'),
(63,'Suscipit fugit delectus doloremque. Tempore molestiae voluptas ea saepe earum esse. Sunt quis sit debitis qui asperiores quo exercitationem.',2,76,'2025-01-08 19:27:25','2025-01-08 19:27:25'),
(64,'Sint maiores quo voluptatem quibusdam quidem. Quam repudiandae reiciendis corrupti consequatur illum veritatis saepe. Suscipit rerum quo non enim pariatur. Quia rem nulla ducimus labore aut ullam velit aut.',1,23,'2025-01-08 19:27:25','2025-01-08 19:27:25'),
(65,'Commodi temporibus vel quia aut ipsum. Tenetur molestias aperiam et. Doloremque laborum libero non occaecati repellendus sed consequatur adipisci.',2,71,'2025-01-08 19:27:25','2025-01-08 19:27:25'),
(66,'Dolorem aliquid sunt aut expedita quas dicta. Commodi et distinctio vel sed totam repellat vitae. Sunt libero dolorum eligendi qui eius.',1,24,'2025-01-08 19:27:25','2025-01-08 19:27:25'),
(67,'Nemo laudantium sed iusto vero aut. Esse non eaque sed eius nam quia. Culpa quam ex eum similique eum beatae.',1,74,'2025-01-08 19:27:25','2025-01-08 19:27:25'),
(68,'Nostrum quisquam laudantium nesciunt velit suscipit sint. Optio possimus ipsam voluptate quod est. Corporis architecto eligendi atque iure. Suscipit unde dolorum laboriosam dolorum et est.',1,14,'2025-01-08 19:27:25','2025-01-08 19:27:25'),
(69,'Pariatur ut molestiae et odio adipisci voluptas aut. Nam sit aut et nisi. Fugit cum et officia qui tempore non nostrum nulla. Est possimus eligendi qui ut quidem eius libero.',2,58,'2025-01-08 19:27:25','2025-01-08 19:27:25'),
(70,'Nihil amet itaque sequi molestiae quisquam. Rerum necessitatibus nemo cupiditate ducimus. Provident placeat quia sed et. In reiciendis officia nihil odio ut recusandae minus aut. At omnis aliquid qui cupiditate et impedit.',2,8,'2025-01-08 19:27:25','2025-01-08 19:27:25'),
(71,'In aut molestias facilis reprehenderit rerum unde vero. Aperiam ut sit sint sed illo et veniam.',2,24,'2025-01-08 19:27:25','2025-01-08 19:27:25'),
(72,'Aperiam quam vitae voluptas porro dicta minus. Necessitatibus impedit praesentium ipsam quos eos quo. Quas repudiandae iusto reprehenderit ducimus et dolorem.',2,70,'2025-01-08 19:27:25','2025-01-08 19:27:25'),
(73,'Repellat rerum ducimus est. Esse consequatur suscipit et eum. Laudantium natus voluptatibus ipsum autem aliquam. Blanditiis rerum temporibus esse id esse quia repudiandae.',2,51,'2025-01-08 19:27:25','2025-01-08 19:27:25'),
(74,'Dolor et laborum atque ut odit. Voluptatibus sint in tenetur eveniet enim voluptatum. Qui nulla voluptatem quia consequatur. Beatae quia et nihil veritatis corporis.',2,72,'2025-01-08 19:27:25','2025-01-08 19:27:25'),
(75,'Reiciendis in provident libero ut nulla perferendis. Aut quae aperiam qui qui aut excepturi. Ut sint sequi qui reiciendis.',1,63,'2025-01-08 19:27:25','2025-01-08 19:27:25'),
(76,'Ab est eveniet maiores voluptatem error facere. Quidem rem veritatis reprehenderit architecto et eligendi. Sint enim iure voluptatibus.',2,11,'2025-01-08 19:27:25','2025-01-08 19:27:25'),
(77,'Nemo est aut maxime deserunt sunt. Omnis quisquam magnam laudantium. Ut sit sed reprehenderit harum non.',1,65,'2025-01-08 19:27:25','2025-01-08 19:27:25'),
(78,'Aliquid odit facilis pariatur quia saepe aspernatur. Numquam necessitatibus perferendis corporis magni. Sequi in aut id consequatur enim id. Hic voluptatem tempore tempore quo perferendis labore qui. Quaerat eveniet debitis possimus ab dolor.',2,44,'2025-01-08 19:27:25','2025-01-08 19:27:25'),
(79,'Voluptate maiores iste qui. Sit accusantium et repellat rerum eaque. Necessitatibus non molestiae rerum aut. Dolor ut optio commodi repellat. Non aliquam saepe dolorem voluptatibus.',2,65,'2025-01-08 19:27:25','2025-01-08 19:27:25'),
(80,'Similique corporis placeat ad quia qui ut. Dolore sint et natus laudantium omnis. In qui iure ut qui omnis qui. Temporibus labore ea ipsum asperiores distinctio rerum ut.',1,13,'2025-01-08 19:27:25','2025-01-08 19:27:25'),
(81,'Harum nostrum odio ducimus porro qui totam qui. Omnis accusamus exercitationem iure hic fugit et. Incidunt aspernatur rerum repellendus. Qui rerum non ut atque vitae.',2,30,'2025-01-08 19:27:25','2025-01-08 19:27:25'),
(82,'Dolore ipsa quos ad voluptates illum. Voluptatibus natus aliquam est sapiente voluptatem. Ut natus provident rerum. Aperiam qui natus exercitationem.',1,30,'2025-01-08 19:27:25','2025-01-08 19:27:25'),
(83,'Possimus magnam iure id. Quasi voluptas a dolor qui aut ut nihil. Nisi laudantium autem illum aut ut. Est dolores dolor ipsa fugiat quia et enim.',2,70,'2025-01-08 19:27:25','2025-01-08 19:27:25'),
(84,'Et quia libero velit voluptatibus incidunt corporis incidunt et. Quis ea corporis sint aut aut. Nam omnis sunt et repellendus sint quos quos. Repellat sit illo neque ipsum.',1,74,'2025-01-08 19:27:25','2025-01-08 19:27:25'),
(85,'Eius sapiente sapiente deserunt et voluptates asperiores inventore. Ab hic consequatur tenetur atque eligendi rerum voluptatum. Soluta aperiam ad aspernatur fugit quod debitis sed. Qui aperiam unde et officiis.',1,5,'2025-01-08 19:27:25','2025-01-08 19:27:25'),
(86,'Autem quaerat voluptatem consequuntur enim modi et. Porro omnis corporis sed sapiente fugit. Cumque laborum cum molestiae sunt fuga occaecati id. Eos facilis molestiae odio.',1,59,'2025-01-08 19:27:25','2025-01-08 19:27:25'),
(87,'Facere eos enim suscipit debitis ut adipisci. Et sed voluptatum et optio.',1,59,'2025-01-08 19:27:25','2025-01-08 19:27:25'),
(88,'Aut cum et tempora quia et. Rerum unde deserunt aut totam quaerat tenetur. Ut facere ea qui qui. Voluptate et eum quia inventore. Labore illum nam consequatur.',2,29,'2025-01-08 19:27:25','2025-01-08 19:27:25'),
(89,'Quis voluptas est hic nulla est omnis. Sint quo quam autem facilis minima voluptate iste cupiditate. Quis et voluptatem esse quidem veritatis occaecati. Consectetur similique voluptatem eveniet velit explicabo sequi.',1,57,'2025-01-08 19:27:25','2025-01-08 19:27:25'),
(90,'Est corporis delectus alias est aut sed quos. Eligendi velit praesentium ex doloremque repellendus itaque. Aut laudantium earum reprehenderit sapiente aut qui. Velit minus vel et et repellendus.',1,18,'2025-01-08 19:27:25','2025-01-08 19:27:25'),
(91,'Dicta placeat est fuga sed accusamus. Quaerat id voluptatem consequatur voluptatem ut qui itaque. Dicta rem aut et impedit perspiciatis. Doloribus quo tempora facilis quibusdam officia.',1,37,'2025-01-08 19:27:25','2025-01-08 19:27:25'),
(92,'Numquam corrupti voluptas ea ipsum vel corrupti. Hic nam labore autem occaecati. Consequatur ut fugiat similique quam.',2,3,'2025-01-08 19:27:25','2025-01-08 19:27:25'),
(93,'Nesciunt quasi voluptas ullam porro laudantium. Sed voluptatem est iusto omnis.',1,45,'2025-01-08 19:27:25','2025-01-08 19:27:25'),
(94,'Voluptas ea non consequuntur perferendis est. Quod eum quo quisquam non est. Et unde eaque nostrum repudiandae. Sint placeat ut voluptatum quam officia.',1,57,'2025-01-08 19:27:25','2025-01-08 19:27:25'),
(95,'Non sed maiores laborum accusantium dicta suscipit et aut. Expedita rerum ut adipisci iure nobis mollitia perferendis. Qui qui neque eaque neque et dolorem delectus. Iure et ducimus molestias.',2,54,'2025-01-08 19:27:25','2025-01-08 19:27:25'),
(96,'Velit magnam temporibus voluptate quos. Amet deserunt et voluptas non. Iure itaque beatae consectetur nihil maxime.',2,24,'2025-01-08 19:27:25','2025-01-08 19:27:25'),
(97,'Laboriosam ea unde architecto labore voluptas. Ut minus nihil saepe magnam ipsum dolor illum. Incidunt omnis maxime quis voluptatem.',2,33,'2025-01-08 19:27:25','2025-01-08 19:27:25'),
(98,'Voluptas consequatur reprehenderit excepturi soluta molestiae natus. Et sit amet et in perferendis doloremque accusantium. Ipsa ipsam cum rerum vel ea.',1,36,'2025-01-08 19:27:25','2025-01-08 19:27:25'),
(99,'Nulla animi adipisci voluptatem error rerum neque. A ullam sint perferendis omnis non voluptatem amet. Non nam voluptatum ipsa nam. Saepe saepe culpa quia aut.',1,66,'2025-01-08 19:27:25','2025-01-08 19:27:25'),
(100,'In at omnis porro odio quia. Voluptates officiis repudiandae autem placeat sed. Possimus ut rem doloremque atque sed itaque.',1,19,'2025-01-08 19:27:25','2025-01-08 19:27:25'),
(101,'Ab odit ut reprehenderit. Illum beatae sed blanditiis consequuntur esse. Nulla et velit sed et quasi cupiditate rerum.',2,35,'2025-01-08 19:27:25','2025-01-08 19:27:25');
/*!40000 ALTER TABLE `comments` ENABLE KEYS */;
UNLOCK TABLES;

--
-- Table structure for table `failed_jobs`
--

DROP TABLE IF EXISTS `failed_jobs`;
/*!40101 SET @saved_cs_client     = @@character_set_client */;
/*!40101 SET character_set_client = utf8 */;
CREATE TABLE `failed_jobs` (
  `id` bigint(20) unsigned NOT NULL AUTO_INCREMENT,
  `uuid` varchar(255) NOT NULL,
  `connection` text NOT NULL,
  `queue` text NOT NULL,
  `payload` longtext NOT NULL,
  `exception` longtext NOT NULL,
  `failed_at` timestamp NOT NULL DEFAULT current_timestamp(),
  PRIMARY KEY (`id`),
  UNIQUE KEY `failed_jobs_uuid_unique` (`uuid`)
) ENGINE=InnoDB DEFAULT CHARSET=utf8mb4 COLLATE=utf8mb4_unicode_ci;
/*!40101 SET character_set_client = @saved_cs_client */;

--
-- Dumping data for table `failed_jobs`
--

LOCK TABLES `failed_jobs` WRITE;
/*!40000 ALTER TABLE `failed_jobs` DISABLE KEYS */;
/*!40000 ALTER TABLE `failed_jobs` ENABLE KEYS */;
UNLOCK TABLES;

--
-- Table structure for table `job_batches`
--

DROP TABLE IF EXISTS `job_batches`;
/*!40101 SET @saved_cs_client     = @@character_set_client */;
/*!40101 SET character_set_client = utf8 */;
CREATE TABLE `job_batches` (
  `id` varchar(255) NOT NULL,
  `name` varchar(255) NOT NULL,
  `total_jobs` int(11) NOT NULL,
  `pending_jobs` int(11) NOT NULL,
  `failed_jobs` int(11) NOT NULL,
  `failed_job_ids` longtext NOT NULL,
  `options` mediumtext DEFAULT NULL,
  `cancelled_at` int(11) DEFAULT NULL,
  `created_at` int(11) NOT NULL,
  `finished_at` int(11) DEFAULT NULL,
  PRIMARY KEY (`id`)
) ENGINE=InnoDB DEFAULT CHARSET=utf8mb4 COLLATE=utf8mb4_unicode_ci;
/*!40101 SET character_set_client = @saved_cs_client */;

--
-- Dumping data for table `job_batches`
--

LOCK TABLES `job_batches` WRITE;
/*!40000 ALTER TABLE `job_batches` DISABLE KEYS */;
/*!40000 ALTER TABLE `job_batches` ENABLE KEYS */;
UNLOCK TABLES;

--
-- Table structure for table `jobs`
--

DROP TABLE IF EXISTS `jobs`;
/*!40101 SET @saved_cs_client     = @@character_set_client */;
/*!40101 SET character_set_client = utf8 */;
CREATE TABLE `jobs` (
  `id` bigint(20) unsigned NOT NULL AUTO_INCREMENT,
  `queue` varchar(255) NOT NULL,
  `payload` longtext NOT NULL,
  `attempts` tinyint(3) unsigned NOT NULL,
  `reserved_at` int(10) unsigned DEFAULT NULL,
  `available_at` int(10) unsigned NOT NULL,
  `created_at` int(10) unsigned NOT NULL,
  PRIMARY KEY (`id`),
  KEY `jobs_queue_index` (`queue`)
) ENGINE=InnoDB DEFAULT CHARSET=utf8mb4 COLLATE=utf8mb4_unicode_ci;
/*!40101 SET character_set_client = @saved_cs_client */;

--
-- Dumping data for table `jobs`
--

LOCK TABLES `jobs` WRITE;
/*!40000 ALTER TABLE `jobs` DISABLE KEYS */;
/*!40000 ALTER TABLE `jobs` ENABLE KEYS */;
UNLOCK TABLES;

--
-- Table structure for table `migrations`
--

DROP TABLE IF EXISTS `migrations`;
/*!40101 SET @saved_cs_client     = @@character_set_client */;
/*!40101 SET character_set_client = utf8 */;
CREATE TABLE `migrations` (
  `id` int(10) unsigned NOT NULL AUTO_INCREMENT,
  `migration` varchar(255) NOT NULL,
  `batch` int(11) NOT NULL,
  PRIMARY KEY (`id`)
) ENGINE=InnoDB AUTO_INCREMENT=32 DEFAULT CHARSET=utf8mb4 COLLATE=utf8mb4_unicode_ci;
/*!40101 SET character_set_client = @saved_cs_client */;

--
-- Dumping data for table `migrations`
--

LOCK TABLES `migrations` WRITE;
/*!40000 ALTER TABLE `migrations` DISABLE KEYS */;
INSERT INTO `migrations` VALUES
(1,'0001_01_01_000000_create_users_table',1),
(2,'0001_01_01_000001_create_cache_table',1),
(3,'0001_01_01_000002_create_jobs_table',1),
(23,'2024_11_29_125608_create_books_table',2),
(24,'2024_11_29_134947_create_authors_table',2),
(25,'2024_12_06_131244_create_bookclubs_table',2),
(26,'2024_12_06_131928_create_bookclubs_users_table',2),
(28,'2024_12_06_133256_create_bookclub_posts_table',3),
(29,'2024_12_06_152550_create_comments_table',4),
(30,'2024_12_13_133910_create_roles_table',5),
(31,'2024_12_13_134021_add_role_column_to_users_table',6);
/*!40000 ALTER TABLE `migrations` ENABLE KEYS */;
UNLOCK TABLES;

--
-- Table structure for table `password_reset_tokens`
--

DROP TABLE IF EXISTS `password_reset_tokens`;
/*!40101 SET @saved_cs_client     = @@character_set_client */;
/*!40101 SET character_set_client = utf8 */;
CREATE TABLE `password_reset_tokens` (
  `email` varchar(255) NOT NULL,
  `token` varchar(255) NOT NULL,
  `created_at` timestamp NULL DEFAULT NULL,
  PRIMARY KEY (`email`)
) ENGINE=InnoDB DEFAULT CHARSET=utf8mb4 COLLATE=utf8mb4_unicode_ci;
/*!40101 SET character_set_client = @saved_cs_client */;

--
-- Dumping data for table `password_reset_tokens`
--

LOCK TABLES `password_reset_tokens` WRITE;
/*!40000 ALTER TABLE `password_reset_tokens` DISABLE KEYS */;
/*!40000 ALTER TABLE `password_reset_tokens` ENABLE KEYS */;
UNLOCK TABLES;

--
-- Table structure for table `roles`
--

DROP TABLE IF EXISTS `roles`;
/*!40101 SET @saved_cs_client     = @@character_set_client */;
/*!40101 SET character_set_client = utf8 */;
CREATE TABLE `roles` (
  `id` bigint(20) unsigned NOT NULL AUTO_INCREMENT,
  `title` varchar(255) NOT NULL,
  `created_at` timestamp NULL DEFAULT NULL,
  `updated_at` timestamp NULL DEFAULT NULL,
  PRIMARY KEY (`id`)
) ENGINE=InnoDB AUTO_INCREMENT=3 DEFAULT CHARSET=utf8mb4 COLLATE=utf8mb4_unicode_ci;
/*!40101 SET character_set_client = @saved_cs_client */;

--
-- Dumping data for table `roles`
--

LOCK TABLES `roles` WRITE;
/*!40000 ALTER TABLE `roles` DISABLE KEYS */;
INSERT INTO `roles` VALUES
(1,'User','2024-12-13 13:45:54','2024-12-13 14:41:24'),
(2,'Admin','2024-12-13 13:46:03','2024-12-13 13:46:03');
/*!40000 ALTER TABLE `roles` ENABLE KEYS */;
UNLOCK TABLES;

--
-- Table structure for table `sessions`
--

DROP TABLE IF EXISTS `sessions`;
/*!40101 SET @saved_cs_client     = @@character_set_client */;
/*!40101 SET character_set_client = utf8 */;
CREATE TABLE `sessions` (
  `id` varchar(255) NOT NULL,
  `user_id` bigint(20) unsigned DEFAULT NULL,
  `ip_address` varchar(45) DEFAULT NULL,
  `user_agent` text DEFAULT NULL,
  `payload` longtext NOT NULL,
  `last_activity` int(11) NOT NULL,
  PRIMARY KEY (`id`),
  KEY `sessions_user_id_index` (`user_id`),
  KEY `sessions_last_activity_index` (`last_activity`)
) ENGINE=InnoDB DEFAULT CHARSET=utf8mb4 COLLATE=utf8mb4_unicode_ci;
/*!40101 SET character_set_client = @saved_cs_client */;

--
-- Dumping data for table `sessions`
--

LOCK TABLES `sessions` WRITE;
/*!40000 ALTER TABLE `sessions` DISABLE KEYS */;
INSERT INTO `sessions` VALUES
('Shc9eZIBpMdCv6a8jKRRjrWgqeakADeRlBBEA60F',1,'172.19.0.1','Mozilla/5.0 (Macintosh; Intel Mac OS X 10_15_7) AppleWebKit/605.1.15 (KHTML, like Gecko) Version/18.1.1 Safari/605.1.15','YTo2OntzOjY6Il90b2tlbiI7czo0MDoib1BJUGxtQXJleG9OWktpdWlGdzRlTk9yR0s4RXUyVjF5dnFzcDY5aCI7czozOiJ1cmwiO2E6MDp7fXM6OToiX3ByZXZpb3VzIjthOjE6e3M6MzoidXJsIjtzOjMzOiJodHRwOi8vMTI3LjAuMC4xOjgwMDAvYm9va2NsdWJzLzQiO31zOjY6Il9mbGFzaCI7YToyOntzOjM6Im9sZCI7YTowOnt9czozOiJuZXciO2E6MDp7fX1zOjUwOiJsb2dpbl93ZWJfNTliYTM2YWRkYzJiMmY5NDAxNTgwZjAxNGM3ZjU4ZWE0ZTMwOTg5ZCI7aToxO3M6MTc6InBhc3N3b3JkX2hhc2hfd2ViIjtzOjYwOiIkMnkkMTIkWlZjRk5hTDVoTldWRUNRcnJQWEM3LkR5bVJkZ0RVRi9xZnpBdC9VTHNqQnYya2lYZWJRUmEiO30=',1736958389);
/*!40000 ALTER TABLE `sessions` ENABLE KEYS */;
UNLOCK TABLES;

--
-- Table structure for table `users`
--

DROP TABLE IF EXISTS `users`;
/*!40101 SET @saved_cs_client     = @@character_set_client */;
/*!40101 SET character_set_client = utf8 */;
CREATE TABLE `users` (
  `id` bigint(20) unsigned NOT NULL AUTO_INCREMENT,
  `name` varchar(255) NOT NULL,
  `email` varchar(255) NOT NULL,
  `email_verified_at` timestamp NULL DEFAULT NULL,
  `password` varchar(255) NOT NULL,
  `remember_token` varchar(100) DEFAULT NULL,
  `created_at` timestamp NULL DEFAULT NULL,
  `updated_at` timestamp NULL DEFAULT NULL,
  `role_id` bigint(20) unsigned NOT NULL,
  PRIMARY KEY (`id`),
  UNIQUE KEY `users_email_unique` (`email`)
) ENGINE=InnoDB AUTO_INCREMENT=4 DEFAULT CHARSET=utf8mb4 COLLATE=utf8mb4_unicode_ci;
/*!40101 SET character_set_client = @saved_cs_client */;

--
-- Dumping data for table `users`
--

LOCK TABLES `users` WRITE;
/*!40000 ALTER TABLE `users` DISABLE KEYS */;
INSERT INTO `users` VALUES
(1,'mees','mees@student.be',NULL,'$2y$12$4.AB4D/wIlCPjR5TSA3B1.90j3PDOyC6CHb2HXlsP8ZuuWOAxHsL2',NULL,'2024-11-29 12:29:14','2024-12-13 14:08:48',2),
(2,'tristan','tristan@student.com',NULL,'$2y$12$4.AB4D/wIlCPjR5TSA3B1.90j3PDOyC6CHb2HXlsP8ZuuWOAxHsL2',NULL,'2024-12-13 14:24:34','2024-12-13 14:24:34',1);
/*!40000 ALTER TABLE `users` ENABLE KEYS */;
UNLOCK TABLES;
/*!40103 SET TIME_ZONE=@OLD_TIME_ZONE */;

/*!40101 SET SQL_MODE=@OLD_SQL_MODE */;
/*!40014 SET FOREIGN_KEY_CHECKS=@OLD_FOREIGN_KEY_CHECKS */;
/*!40014 SET UNIQUE_CHECKS=@OLD_UNIQUE_CHECKS */;
/*!40101 SET CHARACTER_SET_CLIENT=@OLD_CHARACTER_SET_CLIENT */;
/*!40101 SET CHARACTER_SET_RESULTS=@OLD_CHARACTER_SET_RESULTS */;
/*!40101 SET COLLATION_CONNECTION=@OLD_COLLATION_CONNECTION */;
/*!40111 SET SQL_NOTES=@OLD_SQL_NOTES */;

-- Dump completed on 2025-01-15 16:29:33
